Date_Str,Close,Volume,Next_Close,Actual_Diff,Actual_Label
2017-01-04,19594.16015625,163500000,19520.689453125,-73.470703125,0
2017-01-05,19520.689453125,134500000,19454.330078125,-66.359375,0
2017-01-06,19454.330078125,119100000,19301.439453125,-152.890625,0
2017-01-10,19301.439453125,119100000,19364.669921875,63.23046875,1
2017-01-11,19364.669921875,119100000,19134.69921875,-229.970703125,0
2017-01-12,19134.69921875,119100000,19287.279296875,152.580078125,1
2017-01-13,19287.279296875,119100000,19095.240234375,-192.0390625,0
2017-01-16,19095.240234375,119100000,18813.529296875,-281.7109375,0
2017-01-17,18813.529296875,119100000,18894.369140625,80.83984375,1
2017-01-18,18894.369140625,119100000,19072.25,177.880859375,1
2017-01-19,19072.25,170600000,19137.91015625,65.66015625,1
2017-01-20,19137.91015625,125800000,18891.029296875,-246.880859375,0
2017-01-23,18891.029296875,124800000,18787.990234375,-103.0390625,0
2017-01-24,18787.990234375,131500000,19057.5,269.509765625,1
2017-01-25,19057.5,125400000,19402.390625,344.890625,1
2017-01-26,19402.390625,145200000,19467.400390625,65.009765625,1
2017-01-27,19467.400390625,134600000,19368.849609375,-98.55078125,0
2017-01-30,19368.849609375,97800000,19041.33984375,-327.509765625,0
2017-01-31,19041.33984375,133900000,19148.080078125,106.740234375,1
2017-02-01,19148.080078125,131500000,18914.580078125,-233.5,0
2017-02-02,18914.580078125,136500000,18918.19921875,3.619140625,1
2017-02-03,18918.19921875,140900000,18976.7109375,58.51171875,1
2017-02-06,18976.7109375,120500000,18910.779296875,-65.931640625,0
2017-02-07,18910.779296875,106100000,19007.599609375,96.8203125,1
2017-02-08,19007.599609375,102900000,18907.669921875,-99.9296875,0
2017-02-09,18907.669921875,130500000,19378.9296875,471.259765625,1
2017-02-10,19378.9296875,149400000,19459.150390625,80.220703125,1
2017-02-13,19459.150390625,117900000,19238.98046875,-220.169921875,0
2017-02-14,19238.98046875,142800000,19437.98046875,199.0,1
2017-02-15,19437.98046875,142800000,19347.529296875,-90.451171875,0
2017-02-16,19347.529296875,137800000,19234.619140625,-112.91015625,0
2017-02-17,19234.619140625,143600000,19251.080078125,16.4609375,1
2017-02-20,19251.080078125,98900000,19381.439453125,130.359375,1
2017-02-21,19381.439453125,100700000,19379.869140625,-1.5703125,0
2017-02-22,19379.869140625,156700000,19371.4609375,-8.408203125,0
2017-02-23,19371.4609375,140800000,19283.5390625,-87.921875,0
2017-02-24,19283.5390625,148900000,19107.470703125,-176.068359375,0
2017-02-27,19107.470703125,124200000,19118.990234375,11.51953125,1
2017-02-28,19118.990234375,132900000,19393.5390625,274.548828125,1
2017-03-01,19393.5390625,132300000,19564.80078125,171.26171875,1
2017-03-02,19564.80078125,146200000,19469.169921875,-95.630859375,0
2017-03-03,19469.169921875,111000000,19379.140625,-90.029296875,0
2017-03-06,19379.140625,88000000,19344.150390625,-34.990234375,0
2017-03-07,19344.150390625,98800000,19254.029296875,-90.12109375,0
2017-03-08,19254.029296875,103200000,19318.580078125,64.55078125,1
2017-03-09,19318.580078125,101100000,19604.609375,286.029296875,1
2017-03-10,19604.609375,155300000,19633.75,29.140625,1
2017-03-13,19633.75,92600000,19609.5,-24.25,0
2017-03-14,19609.5,123300000,19577.380859375,-32.119140625,0
2017-03-15,19577.380859375,115700000,19590.140625,12.759765625,1
2017-03-16,19590.140625,122500000,19521.58984375,-68.55078125,0
2017-03-17,19521.58984375,137100000,19455.880859375,-65.708984375,0
2017-03-21,19455.880859375,101700000,19041.380859375,-414.5,0
2017-03-22,19041.380859375,136600000,19085.310546875,43.9296875,1
2017-03-23,19085.310546875,121000000,19262.529296875,177.21875,1
2017-03-24,19262.529296875,127700000,18985.58984375,-276.939453125,0
2017-03-27,18985.58984375,120800000,19202.869140625,217.279296875,1
2017-03-28,19202.869140625,122300000,19217.48046875,14.611328125,1
2017-03-29,19217.48046875,115100000,19063.220703125,-154.259765625,0
2017-03-30,19063.220703125,124500000,18909.259765625,-153.9609375,0
2017-03-31,18909.259765625,149200000,18983.23046875,73.970703125,1
2017-04-03,18983.23046875,134200000,18810.25,-172.98046875,0
2017-04-04,18810.25,146900000,18861.26953125,51.01953125,1
2017-04-05,18861.26953125,121600000,18597.060546875,-264.208984375,0
2017-04-06,18597.060546875,133600000,18664.630859375,67.5703125,1
2017-04-07,18664.630859375,161600000,18797.880859375,133.25,1
2017-04-10,18797.880859375,111300000,18747.869140625,-50.01171875,0
2017-04-11,18747.869140625,105100000,18552.609375,-195.259765625,0
2017-04-12,18552.609375,116300000,18426.83984375,-125.76953125,0
2017-04-13,18426.83984375,123700000,18335.630859375,-91.208984375,0
2017-04-14,18335.630859375,0,18355.259765625,19.62890625,1
2017-04-17,18355.259765625,0,18418.58984375,63.330078125,1
2017-04-18,18418.58984375,93300000,18432.19921875,13.609375,1
2017-04-19,18432.19921875,120800000,18430.490234375,-1.708984375,0
2017-04-20,18430.490234375,116900000,18620.75,190.259765625,1
2017-04-21,18620.75,113200000,18875.880859375,255.130859375,1
2017-04-24,18875.880859375,98100000,19079.330078125,203.44921875,1
2017-04-25,19079.330078125,118000000,19289.4296875,210.099609375,1
2017-04-26,19289.4296875,129400000,19251.869140625,-37.560546875,0
2017-04-27,19251.869140625,116700000,19196.740234375,-55.12890625,0
2017-04-28,19196.740234375,117800000,19310.51953125,113.779296875,1
2017-05-01,19310.51953125,106500000,19445.69921875,135.1796875,1
2017-05-02,19445.69921875,112700000,19895.69921875,450.0,1
2017-05-08,19895.69921875,148700000,19843.0,-52.69921875,0
2017-05-09,19843.0,123500000,19900.08984375,57.08984375,1
2017-05-10,19900.08984375,129000000,19961.55078125,61.4609375,1
2017-05-11,19961.55078125,136400000,19883.900390625,-77.650390625,0
2017-05-12,19883.900390625,136800000,19869.849609375,-14.05078125,0
2017-05-15,19869.849609375,128300000,19919.8203125,49.970703125,1
2017-05-16,19919.8203125,131100000,19814.880859375,-104.939453125,0
2017-05-17,19814.880859375,118100000,19553.859375,-261.021484375,0
2017-05-18,19553.859375,135700000,19590.759765625,36.900390625,1
2017-05-19,19590.759765625,115600000,19678.279296875,87.51953125,1
2017-05-22,19678.279296875,78500000,19613.279296875,-65.0,0
2017-05-23,19613.279296875,83400000,19742.98046875,129.701171875,1
2017-05-24,19742.98046875,101300000,19813.130859375,70.150390625,1
2017-05-25,19813.130859375,95100000,19686.83984375,-126.291015625,0
2017-05-26,19686.83984375,84500000,19682.5703125,-4.26953125,0
2017-05-29,19682.5703125,67300000,19677.849609375,-4.720703125,0
2017-05-30,19677.849609375,72600000,19650.5703125,-27.279296875,0
2017-05-31,19650.5703125,125100000,19860.029296875,209.458984375,1
2017-06-01,19860.029296875,103500000,20177.279296875,317.25,1
2017-06-02,20177.279296875,150400000,20170.8203125,-6.458984375,0
2017-06-05,20170.8203125,99100000,19979.900390625,-190.919921875,0
2017-06-06,19979.900390625,102000000,19984.619140625,4.71875,1
2017-06-07,19984.619140625,99200000,19909.259765625,-75.359375,0
2017-06-08,19909.259765625,125300000,20013.259765625,104.0,1
2017-06-09,20013.259765625,145300000,19908.580078125,-104.6796875,0
2017-06-12,19908.580078125,112100000,19898.75,-9.830078125,0
2017-06-13,19898.75,97200000,19883.51953125,-15.23046875,0
2017-06-14,19883.51953125,92900000,19831.8203125,-51.69921875,0
2017-06-15,19831.8203125,107000000,19943.259765625,111.439453125,1
2017-06-16,19943.259765625,135300000,20067.75,124.490234375,1
2017-06-19,20067.75,79700000,20230.41015625,162.66015625,1
2017-06-20,20230.41015625,99300000,20138.7890625,-91.62109375,0
2017-06-21,20138.7890625,94900000,20110.509765625,-28.279296875,0
2017-06-22,20110.509765625,84600000,20132.669921875,22.16015625,1
2017-06-23,20132.669921875,80500000,20153.349609375,20.6796875,1
2017-06-26,20153.349609375,77000000,20225.08984375,71.740234375,1
2017-06-27,20225.08984375,90300000,20130.41015625,-94.6796875,0
2017-06-28,20130.41015625,115500000,20220.30078125,89.890625,1
2017-06-29,20220.30078125,118800000,20033.4296875,-186.87109375,0
2017-06-30,20033.4296875,116600000,20055.80078125,22.37109375,1
2017-07-03,20055.80078125,83400000,20032.349609375,-23.451171875,0
2017-07-04,20032.349609375,100300000,20081.630859375,49.28125,1
2017-07-05,20081.630859375,94600000,19994.060546875,-87.5703125,0
2017-07-06,19994.060546875,92700000,19929.08984375,-64.970703125,0
2017-07-07,19929.08984375,91900000,20080.98046875,151.890625,1
2017-07-10,20080.98046875,85700000,20195.48046875,114.5,1
2017-07-11,20195.48046875,77300000,20098.380859375,-97.099609375,0
2017-07-12,20098.380859375,81400000,20099.810546875,1.4296875,1
2017-07-13,20099.810546875,90500000,20118.859375,19.048828125,1
2017-07-14,20118.859375,83100000,19999.91015625,-118.94921875,0
2017-07-18,19999.91015625,93400000,20020.859375,20.94921875,1
2017-07-19,20020.859375,81200000,20144.58984375,123.73046875,1
2017-07-20,20144.58984375,80800000,20099.75,-44.83984375,0
2017-07-21,20099.75,78700000,19975.669921875,-124.080078125,0
2017-07-24,19975.669921875,81300000,19955.19921875,-20.470703125,0
2017-07-25,19955.19921875,70100000,20050.16015625,94.9609375,1
2017-07-26,20050.16015625,85500000,20079.640625,29.48046875,1
2017-07-27,20079.640625,89900000,19959.83984375,-119.80078125,0
2017-07-28,19959.83984375,108500000,19925.1796875,-34.66015625,0
2017-07-31,19925.1796875,140300000,19985.7890625,60.609375,1
2017-08-01,19985.7890625,110100000,20080.0390625,94.25,1
2017-08-02,20080.0390625,95600000,20029.259765625,-50.779296875,0
2017-08-03,20029.259765625,89300000,19952.330078125,-76.9296875,0
2017-08-04,19952.330078125,76500000,20055.890625,103.560546875,1
2017-08-07,20055.890625,75300000,19996.009765625,-59.880859375,0
2017-08-08,19996.009765625,80400000,19738.7109375,-257.298828125,0
2017-08-09,19738.7109375,104400000,19729.740234375,-8.970703125,0
2017-08-10,19729.740234375,104200000,19537.099609375,-192.640625,0
2017-08-14,19537.099609375,108300000,19753.310546875,216.2109375,1
2017-08-15,19753.310546875,90300000,19729.279296875,-24.03125,0
2017-08-16,19729.279296875,69400000,19702.630859375,-26.6484375,0
2017-08-17,19702.630859375,71900000,19470.41015625,-232.220703125,0
2017-08-18,19470.41015625,95700000,19393.130859375,-77.279296875,0
2017-08-21,19393.130859375,75300000,19383.83984375,-9.291015625,0
2017-08-22,19383.83984375,70500000,19434.640625,50.80078125,1
2017-08-23,19434.640625,78500000,19353.76953125,-80.87109375,0
2017-08-24,19353.76953125,75400000,19452.609375,98.83984375,1
2017-08-25,19452.609375,70700000,19449.900390625,-2.708984375,0
2017-08-28,19449.900390625,69500000,19362.55078125,-87.349609375,0
2017-08-29,19362.55078125,75000000,19506.5390625,143.98828125,1
2017-08-30,19506.5390625,91800000,19646.240234375,139.701171875,1
2017-08-31,19646.240234375,97900000,19691.470703125,45.23046875,1
2017-09-01,19691.470703125,79400000,19508.25,-183.220703125,0
2017-09-04,19508.25,71700000,19385.810546875,-122.439453125,0
2017-09-05,19385.810546875,77600000,19357.970703125,-27.83984375,0
2017-09-06,19357.970703125,88500000,19396.51953125,38.548828125,1
2017-09-07,19396.51953125,81900000,19274.8203125,-121.69921875,0
2017-09-08,19274.8203125,106600000,19545.76953125,270.94921875,1
2017-09-11,19545.76953125,78700000,19776.619140625,230.849609375,1
2017-09-12,19776.619140625,89900000,19865.8203125,89.201171875,1
2017-09-13,19865.8203125,84500000,19807.439453125,-58.380859375,0
2017-09-14,19807.439453125,93700000,19909.5,102.060546875,1
2017-09-15,19909.5,111900000,20299.380859375,389.880859375,1
2017-09-19,20299.380859375,120900000,20310.4609375,11.080078125,1
2017-09-20,20310.4609375,100400000,20347.48046875,37.01953125,1
2017-09-21,20347.48046875,115900000,20296.44921875,-51.03125,0
2017-09-22,20296.44921875,95400000,20397.580078125,101.130859375,1
2017-09-25,20397.580078125,82800000,20330.189453125,-67.390625,0
2017-09-26,20330.189453125,95000000,20267.05078125,-63.138671875,0
2017-09-27,20267.05078125,63600000,20363.109375,96.05859375,1
2017-09-28,20363.109375,84000000,20356.279296875,-6.830078125,0
2017-09-29,20356.279296875,85100000,20400.779296875,44.5,1
2017-10-02,20400.779296875,67600000,20614.0703125,213.291015625,1
2017-10-03,20614.0703125,72800000,20626.66015625,12.58984375,1
2017-10-04,20626.66015625,73500000,20628.560546875,1.900390625,1
2017-10-05,20628.560546875,57300000,20690.7109375,62.150390625,1
2017-10-06,20690.7109375,75900000,20823.509765625,132.798828125,1
2017-10-10,20823.509765625,78300000,20881.26953125,57.759765625,1
2017-10-11,20881.26953125,80200000,20954.720703125,73.451171875,1
2017-10-12,20954.720703125,80400000,21155.1796875,200.458984375,1
2017-10-13,21155.1796875,110500000,21255.560546875,100.380859375,1
2017-10-16,21255.560546875,102300000,21336.119140625,80.55859375,1
2017-10-17,21336.119140625,92400000,21363.05078125,26.931640625,1
2017-10-18,21363.05078125,72700000,21448.51953125,85.46875,1
2017-10-19,21448.51953125,84600000,21457.640625,9.12109375,1
2017-10-20,21457.640625,85700000,21696.650390625,239.009765625,1
2017-10-23,21696.650390625,87400000,21805.169921875,108.51953125,1
2017-10-24,21805.169921875,88200000,21707.619140625,-97.55078125,0
2017-10-25,21707.619140625,122000000,21739.779296875,32.16015625,1
2017-10-26,21739.779296875,82600000,22008.44921875,268.669921875,1
2017-10-27,22008.44921875,120400000,22011.669921875,3.220703125,1
2017-10-30,22011.669921875,135600000,22011.609375,-0.060546875,0
2017-10-31,22011.609375,102400000,22420.080078125,408.470703125,1
2017-11-01,22420.080078125,112600000,22539.119140625,119.0390625,1
2017-11-02,22539.119140625,105700000,22548.349609375,9.23046875,1
2017-11-06,22548.349609375,111900000,22937.599609375,389.25,1
2017-11-07,22937.599609375,107800000,22913.8203125,-23.779296875,0
2017-11-08,22913.8203125,100200000,22868.7109375,-45.109375,0
2017-11-09,22868.7109375,160400000,22681.419921875,-187.291015625,0
2017-11-10,22681.419921875,106600000,22380.990234375,-300.4296875,0
2017-11-13,22380.990234375,80700000,22380.009765625,-0.98046875,0
2017-11-14,22380.009765625,95900000,22028.3203125,-351.689453125,0
2017-11-15,22028.3203125,120600000,22351.119140625,322.798828125,1
2017-11-16,22351.119140625,96600000,22396.80078125,45.681640625,1
2017-11-17,22396.80078125,113700000,22261.759765625,-135.041015625,0
2017-11-20,22261.759765625,71700000,22416.48046875,154.720703125,1
2017-11-21,22416.48046875,76100000,22523.150390625,106.669921875,1
2017-11-22,22523.150390625,81100000,22550.849609375,27.69921875,1
2017-11-24,22550.849609375,64800000,22495.990234375,-54.859375,0
2017-11-27,22495.990234375,66600000,22486.240234375,-9.75,0
2017-11-28,22486.240234375,76800000,22597.19921875,110.958984375,1
2017-11-29,22597.19921875,90700000,22724.9609375,127.76171875,1
2017-11-30,22724.9609375,140700000,22819.029296875,94.068359375,1
2017-12-01,22819.029296875,89700000,22707.16015625,-111.869140625,0
2017-12-04,22707.16015625,68900000,22622.380859375,-84.779296875,0
2017-12-05,22622.380859375,75900000,22177.0390625,-445.341796875,0
2017-12-06,22177.0390625,97300000,22498.029296875,320.990234375,1
2017-12-07,22498.029296875,79500000,22811.080078125,313.05078125,1
2017-12-08,22811.080078125,106900000,22938.73046875,127.650390625,1
2017-12-11,22938.73046875,69500000,22866.169921875,-72.560546875,0
2017-12-12,22866.169921875,86100000,22758.0703125,-108.099609375,0
2017-12-13,22758.0703125,91400000,22694.44921875,-63.62109375,0
2017-12-14,22694.44921875,85100000,22553.220703125,-141.228515625,0
2017-12-15,22553.220703125,99400000,22901.76953125,348.548828125,1
2017-12-18,22901.76953125,85200000,22868.0,-33.76953125,0
2017-12-19,22868.0,70500000,22891.720703125,23.720703125,1
2017-12-20,22891.720703125,92400000,22866.099609375,-25.62109375,0
2017-12-21,22866.099609375,73000000,22902.759765625,36.66015625,1
2017-12-22,22902.759765625,77800000,22939.1796875,36.419921875,1
2017-12-25,22939.1796875,0,22892.689453125,-46.490234375,0
2017-12-26,22892.689453125,46400000,22911.2109375,18.521484375,1
2017-12-27,22911.2109375,47200000,22783.98046875,-127.23046875,0
2017-12-28,22783.98046875,50300000,22764.939453125,-19.041015625,0
2017-12-29,22764.939453125,46500000,23506.330078125,741.390625,1
2018-01-04,23506.330078125,102200000,23714.529296875,208.19921875,1
2018-01-05,23714.529296875,101900000,23849.990234375,135.4609375,1
2018-01-09,23849.990234375,94100000,23788.19921875,-61.791015625,0
2018-01-10,23788.19921875,88800000,23710.4296875,-77.76953125,0
2018-01-11,23710.4296875,83700000,23653.8203125,-56.609375,0
2018-01-12,23653.8203125,93700000,23714.880859375,61.060546875,1
2018-01-15,23714.880859375,75400000,23951.810546875,236.9296875,1
2018-01-16,23951.810546875,68500000,23868.33984375,-83.470703125,0
2018-01-17,23868.33984375,82200000,23763.369140625,-104.970703125,0
2018-01-18,23763.369140625,99400000,23808.060546875,44.69140625,1
2018-01-19,23808.060546875,71800000,23816.330078125,8.26953125,1
2018-01-22,23816.330078125,65200000,24124.150390625,307.8203125,1
2018-01-23,24124.150390625,73400000,23940.779296875,-183.37109375,0
2018-01-24,23940.779296875,79900000,23669.490234375,-271.2890625,0
2018-01-25,23669.490234375,81500000,23631.880859375,-37.609375,0
2018-01-26,23631.880859375,87200000,23629.33984375,-2.541015625,0
2018-01-29,23629.33984375,68800000,23291.970703125,-337.369140625,0
2018-01-30,23291.970703125,88800000,23098.2890625,-193.681640625,0
2018-01-31,23098.2890625,99800000,23486.109375,387.8203125,1
2018-02-01,23486.109375,101800000,23274.529296875,-211.580078125,0
2018-02-02,23274.529296875,98600000,22682.080078125,-592.44921875,0
2018-02-05,22682.080078125,107600000,21610.240234375,-1071.83984375,0
2018-02-06,21610.240234375,190100000,21645.369140625,35.12890625,1
2018-02-07,21645.369140625,143500000,21890.859375,245.490234375,1
2018-02-08,21890.859375,104700000,21382.619140625,-508.240234375,0
2018-02-09,21382.619140625,127600000,21244.6796875,-137.939453125,0
2018-02-13,21244.6796875,114700000,21154.169921875,-90.509765625,0
2018-02-14,21154.169921875,103900000,21464.98046875,310.810546875,1
2018-02-15,21464.98046875,86400000,21720.25,255.26953125,1
2018-02-16,21720.25,77800000,22149.2109375,428.9609375,1
2018-02-19,22149.2109375,68500000,21925.099609375,-224.111328125,0
2018-02-20,21925.099609375,67500000,21970.810546875,45.7109375,1
2018-02-21,21970.810546875,77900000,21736.439453125,-234.37109375,0
2018-02-22,21736.439453125,77300000,21892.779296875,156.33984375,1
2018-02-23,21892.779296875,64600000,22153.630859375,260.8515625,1
2018-02-26,22153.630859375,64600000,22389.859375,236.228515625,1
2018-02-27,22389.859375,74300000,22068.240234375,-321.619140625,0
2018-02-28,22068.240234375,88800000,21724.470703125,-343.76953125,0
2018-03-01,21724.470703125,90300000,21181.640625,-542.830078125,0
2018-03-02,21181.640625,97100000,21042.08984375,-139.55078125,0
2018-03-05,21042.08984375,87200000,21417.759765625,375.669921875,1
2018-03-06,21417.759765625,76400000,21252.720703125,-165.0390625,0
2018-03-07,21252.720703125,87000000,21368.0703125,115.349609375,1
2018-03-08,21368.0703125,72100000,21469.19921875,101.12890625,1
2018-03-09,21469.19921875,110500000,21824.029296875,354.830078125,1
2018-03-12,21824.029296875,70600000,21968.099609375,144.0703125,1
2018-03-13,21968.099609375,68100000,21777.2890625,-190.810546875,0
2018-03-14,21777.2890625,65000000,21803.94921875,26.66015625,1
2018-03-15,21803.94921875,65300000,21676.509765625,-127.439453125,0
2018-03-16,21676.509765625,75700000,21480.900390625,-195.609375,0
2018-03-19,21480.900390625,67300000,21380.970703125,-99.9296875,0
2018-03-20,21380.970703125,66500000,21591.990234375,211.01953125,1
2018-03-22,21591.990234375,82600000,20617.859375,-974.130859375,0
2018-03-23,20617.859375,121000000,20766.099609375,148.240234375,1
2018-03-26,20766.099609375,97500000,21317.3203125,551.220703125,1
2018-03-27,21317.3203125,101900000,21031.310546875,-286.009765625,0
2018-03-28,21031.310546875,88100000,21159.080078125,127.76953125,1
2018-03-29,21159.080078125,78900000,21454.30078125,295.220703125,1
2018-03-30,21454.30078125,63600000,21388.580078125,-65.720703125,0
2018-04-02,21388.580078125,47500000,21292.2890625,-96.291015625,0
2018-04-03,21292.2890625,63800000,21319.55078125,27.26171875,1
2018-04-04,21319.55078125,75600000,21645.419921875,325.869140625,1
2018-04-05,21645.419921875,80700000,21567.51953125,-77.900390625,0
2018-04-06,21567.51953125,74400000,21678.259765625,110.740234375,1
2018-04-09,21678.259765625,62100000,21794.3203125,116.060546875,1
2018-04-10,21794.3203125,74700000,21687.099609375,-107.220703125,0
2018-04-11,21687.099609375,69500000,21660.279296875,-26.8203125,0
2018-04-12,21660.279296875,58400000,21778.740234375,118.4609375,1
2018-04-13,21778.740234375,73100000,21835.529296875,56.7890625,1
2018-04-16,21835.529296875,53400000,21847.58984375,12.060546875,1
2018-04-17,21847.58984375,57400000,22158.19921875,310.609375,1
2018-04-18,22158.19921875,70400000,22191.1796875,32.98046875,1
2018-04-19,22191.1796875,79700000,22162.240234375,-28.939453125,0
2018-04-20,22162.240234375,69600000,22088.0390625,-74.201171875,0
2018-04-23,22088.0390625,64000000,22278.119140625,190.080078125,1
2018-04-24,22278.119140625,76500000,22215.3203125,-62.798828125,0
2018-04-25,22215.3203125,73300000,22319.609375,104.2890625,1
2018-04-26,22319.609375,72800000,22467.869140625,148.259765625,1
2018-04-27,22467.869140625,89100000,22508.029296875,40.16015625,1
2018-05-01,22508.029296875,89900000,22472.779296875,-35.25,0
2018-05-02,22472.779296875,70700000,22467.16015625,-5.619140625,0
2018-05-07,22467.16015625,69000000,22508.689453125,41.529296875,1
2018-05-08,22508.689453125,77000000,22408.880859375,-99.80859375,0
2018-05-09,22408.880859375,86000000,22497.1796875,88.298828125,1
2018-05-10,22497.1796875,73300000,22758.48046875,261.30078125,1
2018-05-11,22758.48046875,80200000,22865.859375,107.37890625,1
2018-05-14,22865.859375,68900000,22818.01953125,-47.83984375,0
2018-05-15,22818.01953125,86400000,22717.23046875,-100.7890625,0
2018-05-16,22717.23046875,80200000,22838.369140625,121.138671875,1
2018-05-17,22838.369140625,75600000,22930.359375,91.990234375,1
2018-05-18,22930.359375,65300000,23002.369140625,72.009765625,1
2018-05-21,23002.369140625,59100000,22960.33984375,-42.029296875,0
2018-05-22,22960.33984375,59400000,22689.740234375,-270.599609375,0
2018-05-23,22689.740234375,75000000,22437.009765625,-252.73046875,0
2018-05-24,22437.009765625,85600000,22450.7890625,13.779296875,1
2018-05-25,22450.7890625,70400000,22481.08984375,30.30078125,1
2018-05-28,22481.08984375,52900000,22358.4296875,-122.66015625,0
2018-05-29,22358.4296875,59800000,22018.51953125,-339.91015625,0
2018-05-30,22018.51953125,90500000,22201.8203125,183.30078125,1
2018-05-31,22201.8203125,132400000,22171.349609375,-30.470703125,0
2018-06-01,22171.349609375,82500000,22475.939453125,304.58984375,1
2018-06-04,22475.939453125,71900000,22539.5390625,63.599609375,1
2018-06-05,22539.5390625,65800000,22625.73046875,86.19140625,1
2018-06-06,22625.73046875,67900000,22823.259765625,197.529296875,1
2018-06-07,22823.259765625,72200000,22694.5,-128.759765625,0
2018-06-08,22694.5,85200000,22804.0390625,109.5390625,1
2018-06-11,22804.0390625,55700000,22878.349609375,74.310546875,1
2018-06-12,22878.349609375,63900000,22966.380859375,88.03125,1
2018-06-13,22966.380859375,57000000,22738.609375,-227.771484375,0
2018-06-14,22738.609375,72100000,22851.75,113.140625,1
2018-06-15,22851.75,88500000,22680.330078125,-171.419921875,0
2018-06-18,22680.330078125,65000000,22278.48046875,-401.849609375,0
2018-06-19,22278.48046875,79400000,22555.4296875,276.94921875,1
2018-06-20,22555.4296875,88900000,22693.0390625,137.609375,1
2018-06-21,22693.0390625,76000000,22516.830078125,-176.208984375,0
2018-06-22,22516.830078125,85900000,22338.150390625,-178.6796875,0
2018-06-25,22338.150390625,60600000,22342.0,3.849609375,1
2018-06-26,22342.0,71300000,22271.76953125,-70.23046875,0
2018-06-27,22271.76953125,65800000,22270.390625,-1.37890625,0
2018-06-28,22270.390625,70000000,22304.509765625,34.119140625,1
2018-06-29,22304.509765625,67900000,21811.9296875,-492.580078125,0
2018-07-02,21811.9296875,67100000,21785.5390625,-26.390625,0
2018-07-03,21785.5390625,76500000,21717.0390625,-68.5,0
2018-07-04,21717.0390625,62200000,21546.990234375,-170.048828125,0
2018-07-05,21546.990234375,66700000,21788.140625,241.150390625,1
2018-07-06,21788.140625,71600000,22052.1796875,264.0390625,1
2018-07-09,22052.1796875,61200000,22196.890625,144.7109375,1
2018-07-10,22196.890625,90700000,21932.2109375,-264.6796875,0
2018-07-11,21932.2109375,74900000,22187.9609375,255.75,1
2018-07-12,22187.9609375,64400000,22597.349609375,409.388671875,1
2018-07-13,22597.349609375,72600000,22597.349609375,0.0,0
2018-07-16,22597.349609375,0,22697.359375,100.009765625,1
2018-07-17,22697.359375,75800000,22794.189453125,96.830078125,1
2018-07-18,22794.189453125,56500000,22764.6796875,-29.509765625,0
2018-07-19,22764.6796875,62400000,22697.880859375,-66.798828125,0
2018-07-20,22697.880859375,69700000,22396.990234375,-300.890625,0
2018-07-23,22396.990234375,88000000,22510.48046875,113.490234375,1
2018-07-24,22510.48046875,70400000,22614.25,103.76953125,1
2018-07-25,22614.25,58700000,22586.869140625,-27.380859375,0
2018-07-26,22586.869140625,69600000,22712.75,125.880859375,1
2018-07-27,22712.75,73200000,22544.83984375,-167.91015625,0
2018-07-30,22544.83984375,76200000,22553.720703125,8.880859375,1
2018-07-31,22553.720703125,115400000,22746.69921875,192.978515625,1
2018-08-01,22746.69921875,100800000,22512.529296875,-234.169921875,0
2018-08-02,22512.529296875,94500000,22525.1796875,12.650390625,1
2018-08-03,22525.1796875,71700000,22507.3203125,-17.859375,0
2018-08-06,22507.3203125,67000000,22662.740234375,155.419921875,1
2018-08-07,22662.740234375,69400000,22644.310546875,-18.4296875,0
2018-08-08,22644.310546875,72800000,22598.390625,-45.919921875,0
2018-08-09,22598.390625,61800000,22298.080078125,-300.310546875,0
2018-08-10,22298.080078125,73900000,21857.4296875,-440.650390625,0
2018-08-13,21857.4296875,77800000,22356.080078125,498.650390625,1
2018-08-14,22356.080078125,59700000,22204.220703125,-151.859375,0
2018-08-15,22204.220703125,61200000,22192.0390625,-12.181640625,0
2018-08-16,22192.0390625,77900000,22270.380859375,78.341796875,1
2018-08-17,22270.380859375,56100000,22199.0,-71.380859375,0
2018-08-20,22199.0,46800000,22219.73046875,20.73046875,1
2018-08-21,22219.73046875,54500000,22362.55078125,142.8203125,1
2018-08-22,22362.55078125,57100000,22410.8203125,48.26953125,1
2018-08-23,22410.8203125,50100000,22601.76953125,190.94921875,1
2018-08-24,22601.76953125,50400000,22799.640625,197.87109375,1
2018-08-27,22799.640625,50200000,22813.470703125,13.830078125,1
2018-08-28,22813.470703125,60700000,22848.220703125,34.75,1
2018-08-29,22848.220703125,58800000,22869.5,21.279296875,1
2018-08-30,22869.5,73900000,22865.150390625,-4.349609375,0
2018-08-31,22865.150390625,68100000,22707.380859375,-157.76953125,0
2018-09-03,22707.380859375,49900000,22696.900390625,-10.48046875,0
2018-09-04,22696.900390625,52300000,22580.830078125,-116.0703125,0
2018-09-05,22580.830078125,65400000,22487.939453125,-92.890625,0
2018-09-06,22487.939453125,62200000,22307.060546875,-180.87890625,0
2018-09-07,22307.060546875,69800000,22373.08984375,66.029296875,1
2018-09-10,22373.08984375,55700000,22664.689453125,291.599609375,1
2018-09-11,22664.689453125,76500000,22604.609375,-60.080078125,0
2018-09-12,22604.609375,79800000,22821.3203125,216.7109375,1
2018-09-13,22821.3203125,75000000,23094.669921875,273.349609375,1
2018-09-14,23094.669921875,102700000,23420.5390625,325.869140625,1
2018-09-18,23420.5390625,90600000,23672.51953125,251.98046875,1
2018-09-19,23672.51953125,93600000,23674.9296875,2.41015625,1
2018-09-20,23674.9296875,101600000,23869.9296875,195.0,1
2018-09-21,23869.9296875,120600000,23940.259765625,70.330078125,1
2018-09-25,23940.259765625,100800000,24033.7890625,93.529296875,1
2018-09-26,24033.7890625,84200000,23796.740234375,-237.048828125,0
2018-09-27,23796.740234375,76200000,24120.0390625,323.298828125,1
2018-09-28,24120.0390625,90700000,24245.759765625,125.720703125,1
2018-10-01,24245.759765625,65000000,24270.619140625,24.859375,1
2018-10-02,24270.619140625,80500000,24110.9609375,-159.658203125,0
2018-10-03,24110.9609375,71300000,23975.619140625,-135.341796875,0
2018-10-04,23975.619140625,89400000,23783.720703125,-191.8984375,0
2018-10-05,23783.720703125,84600000,23469.390625,-314.330078125,0
2018-10-09,23469.390625,86500000,23506.0390625,36.6484375,1
2018-10-10,23506.0390625,70600000,22590.859375,-915.1796875,0
2018-10-11,22590.859375,115300000,22694.66015625,103.80078125,1
2018-10-12,22694.66015625,99500000,22271.30078125,-423.359375,0
2018-10-15,22271.30078125,79900000,22549.240234375,277.939453125,1
2018-10-16,22549.240234375,70100000,22841.119140625,291.87890625,1
2018-10-17,22841.119140625,72100000,22658.16015625,-182.958984375,0
2018-10-18,22658.16015625,64300000,22532.080078125,-126.080078125,0
2018-10-19,22532.080078125,67400000,22614.8203125,82.740234375,1
2018-10-22,22614.8203125,63000000,22010.779296875,-604.041015625,0
2018-10-23,22010.779296875,80200000,22091.1796875,80.400390625,1
2018-10-24,22091.1796875,83900000,21268.73046875,-822.44921875,0
2018-10-25,21268.73046875,93600000,21184.599609375,-84.130859375,0
2018-10-26,21184.599609375,92900000,21149.80078125,-34.798828125,0
2018-10-29,21149.80078125,70800000,21457.2890625,307.48828125,1
2018-10-30,21457.2890625,116900000,21920.4609375,463.171875,1
2018-10-31,21920.4609375,105000000,21687.650390625,-232.810546875,0
2018-11-01,21687.650390625,101900000,22243.66015625,556.009765625,1
2018-11-02,22243.66015625,101900000,21898.990234375,-344.669921875,0
2018-11-05,21898.990234375,78700000,22147.75,248.759765625,1
2018-11-06,22147.75,0,22085.80078125,-61.94921875,0
2018-11-07,22085.80078125,96300000,22486.919921875,401.119140625,1
2018-11-08,22486.919921875,81900000,22250.25,-236.669921875,0
2018-11-09,22250.25,78100000,22269.880859375,19.630859375,1
2018-11-12,22269.880859375,59300000,21810.51953125,-459.361328125,0
2018-11-13,21810.51953125,85700000,21846.48046875,35.9609375,1
2018-11-14,21846.48046875,75200000,21803.619140625,-42.861328125,0
2018-11-15,21803.619140625,0,21680.33984375,-123.279296875,0
2018-11-16,21680.33984375,74900000,21821.16015625,140.8203125,1
2018-11-19,21821.16015625,72100000,21583.119140625,-238.041015625,0
2018-11-20,21583.119140625,82500000,21507.5390625,-75.580078125,0
2018-11-21,21507.5390625,77300000,21646.55078125,139.01171875,1
2018-11-22,21646.55078125,65900000,21812.0,165.44921875,1
2018-11-26,21812.0,78000000,21952.400390625,140.400390625,1
2018-11-27,21952.400390625,74000000,22177.01953125,224.619140625,1
2018-11-28,22177.01953125,77600000,22262.599609375,85.580078125,1
2018-11-29,22262.599609375,69300000,22351.060546875,88.4609375,1
2018-11-30,22351.060546875,104100000,22574.759765625,223.69921875,1
2018-12-03,22574.759765625,70500000,22036.05078125,-538.708984375,0
2018-12-04,22036.05078125,89600000,21919.330078125,-116.720703125,0
2018-12-05,21919.330078125,83700000,21501.619140625,-417.7109375,0
2018-12-06,21501.619140625,87600000,21678.6796875,177.060546875,1
2018-12-07,21678.6796875,78100000,21219.5,-459.1796875,0
2018-12-10,21219.5,79000000,21148.01953125,-71.48046875,0
2018-12-11,21148.01953125,87500000,21602.75,454.73046875,1
2018-12-12,21602.75,89600000,21816.189453125,213.439453125,1
2018-12-13,21816.189453125,79200000,21374.830078125,-441.359375,0
2018-12-14,21374.830078125,102800000,21506.880859375,132.05078125,1
2018-12-17,21506.880859375,63400000,21115.44921875,-391.431640625,0
2018-12-18,21115.44921875,80500000,20987.919921875,-127.529296875,0
2018-12-19,20987.919921875,81300000,20392.580078125,-595.33984375,0
2018-12-20,20392.580078125,96300000,20166.189453125,-226.390625,0
2018-12-21,20166.189453125,116600000,19155.740234375,-1010.44921875,0
2018-12-25,19155.740234375,0,19327.060546875,171.3203125,1
2018-12-26,19327.060546875,79900000,20077.619140625,750.55859375,1
2018-12-27,20077.619140625,93000000,20014.76953125,-62.849609375,0
2018-12-28,20014.76953125,70600000,19561.9609375,-452.80859375,0
2019-01-04,19561.9609375,91600000,20038.970703125,477.009765625,1
2019-01-07,20038.970703125,81500000,20204.0390625,165.068359375,1
2019-01-08,20204.0390625,86400000,20427.060546875,223.021484375,1
2019-01-09,20427.060546875,72800000,20163.80078125,-263.259765625,0
2019-01-10,20163.80078125,73700000,20359.69921875,195.8984375,1
2019-01-11,20359.69921875,77700000,20555.2890625,195.58984375,1
2019-01-15,20555.2890625,78300000,20442.75,-112.5390625,0
2019-01-16,20442.75,69500000,20402.26953125,-40.48046875,0
2019-01-17,20402.26953125,63600000,20666.0703125,263.80078125,1
2019-01-18,20666.0703125,64700000,20719.330078125,53.259765625,1
2019-01-21,20719.330078125,61200000,20622.91015625,-96.419921875,0
2019-01-22,20622.91015625,57100000,20593.720703125,-29.189453125,0
2019-01-23,20593.720703125,0,20574.630859375,-19.08984375,0
2019-01-24,20574.630859375,61400000,20773.560546875,198.9296875,1
2019-01-25,20773.560546875,68400000,20649.0,-124.560546875,0
2019-01-28,20649.0,56800000,20664.640625,15.640625,1
2019-01-29,20664.640625,63100000,20556.5390625,-108.1015625,0
2019-01-30,20556.5390625,72100000,20773.490234375,216.951171875,1
2019-01-31,20773.490234375,75700000,20788.390625,14.900390625,1
2019-02-01,20788.390625,82200000,20883.76953125,95.37890625,1
2019-02-04,20883.76953125,66600000,20844.44921875,-39.3203125,0
2019-02-05,20844.44921875,65500000,20874.060546875,29.611328125,1
2019-02-06,20874.060546875,68900000,20751.279296875,-122.78125,0
2019-02-07,20751.279296875,70600000,20333.169921875,-418.109375,0
2019-02-08,20333.169921875,86200000,20864.2109375,531.041015625,1
2019-02-12,20864.2109375,84100000,21144.48046875,280.26953125,1
2019-02-13,21144.48046875,78600000,21139.7109375,-4.76953125,0
2019-02-14,21139.7109375,64500000,20900.630859375,-239.080078125,0
2019-02-15,20900.630859375,65600000,21281.849609375,381.21875,1
2019-02-18,21281.849609375,61800000,21302.650390625,20.80078125,1
2019-02-19,21302.650390625,53600000,21431.490234375,128.83984375,1
2019-02-20,21431.490234375,59700000,21464.23046875,32.740234375,1
2019-02-21,21464.23046875,68400000,21425.509765625,-38.720703125,0
2019-02-22,21425.509765625,52400000,21528.23046875,102.720703125,1
2019-02-25,21528.23046875,51800000,21449.390625,-78.83984375,0
2019-02-26,21449.390625,56400000,21556.509765625,107.119140625,1
2019-02-27,21556.509765625,67700000,21385.16015625,-171.349609375,0
2019-02-28,21385.16015625,71500000,21602.689453125,217.529296875,1
2019-03-01,21602.689453125,62600000,21822.0390625,219.349609375,1
2019-03-04,21822.0390625,59100000,21726.279296875,-95.759765625,0
2019-03-05,21726.279296875,59200000,21596.810546875,-129.46875,0
2019-03-06,21596.810546875,57100000,21456.009765625,-140.80078125,0
2019-03-07,21456.009765625,75200000,21025.560546875,-430.44921875,0
2019-03-08,21025.560546875,99800000,21125.08984375,99.529296875,1
2019-03-11,21125.08984375,55600000,21503.689453125,378.599609375,1
2019-03-12,21503.689453125,67800000,21290.240234375,-213.44921875,0
2019-03-13,21290.240234375,66200000,21287.01953125,-3.220703125,0
2019-03-14,21287.01953125,64100000,21450.849609375,163.830078125,1
2019-03-15,21450.849609375,83200000,21584.5,133.650390625,1
2019-03-18,21584.5,55200000,21566.849609375,-17.650390625,0
2019-03-19,21566.849609375,59900000,21608.919921875,42.0703125,1
2019-03-20,21608.919921875,65300000,21627.33984375,18.419921875,1
2019-03-22,21627.33984375,78900000,20977.109375,-650.23046875,0
2019-03-25,20977.109375,77700000,21428.390625,451.28125,1
2019-03-26,21428.390625,101300000,21378.73046875,-49.66015625,0
2019-03-27,21378.73046875,76000000,21033.759765625,-344.970703125,0
2019-03-28,21033.759765625,71100000,21205.810546875,172.05078125,1
2019-03-29,21205.810546875,61600000,21509.029296875,303.21875,1
2019-04-01,21509.029296875,77400000,21505.310546875,-3.71875,0
2019-04-02,21505.310546875,71000000,21713.2109375,207.900390625,1
2019-04-03,21713.2109375,68500000,21724.94921875,11.73828125,1
2019-04-04,21724.94921875,57900000,21807.5,82.55078125,1
2019-04-05,21807.5,58500000,21761.650390625,-45.849609375,0
2019-04-08,21761.650390625,54600000,21802.58984375,40.939453125,1
2019-04-09,21802.58984375,54300000,21687.5703125,-115.01953125,0
2019-04-10,21687.5703125,58700000,21711.380859375,23.810546875,1
2019-04-11,21711.380859375,61200000,21870.560546875,159.1796875,1
2019-04-12,21870.560546875,61600000,22169.109375,298.548828125,1
2019-04-15,22169.109375,66100000,22221.66015625,52.55078125,1
2019-04-16,22221.66015625,57300000,22277.970703125,56.310546875,1
2019-04-17,22277.970703125,75400000,22090.119140625,-187.8515625,0
2019-04-18,22090.119140625,67300000,22200.560546875,110.44140625,1
2019-04-19,22200.560546875,0,22217.900390625,17.33984375,1
2019-04-22,22217.900390625,42900000,22259.740234375,41.83984375,1
2019-04-23,22259.740234375,52000000,22200.0,-59.740234375,0
2019-04-24,22200.0,67900000,22307.580078125,107.580078125,1
2019-04-25,22307.580078125,63300000,22258.73046875,-48.849609375,0
2019-04-26,22258.73046875,71900000,21923.720703125,-335.009765625,0
2019-05-07,21923.720703125,90700000,21602.58984375,-321.130859375,0
2019-05-08,21602.58984375,85700000,21402.130859375,-200.458984375,0
2019-05-09,21402.130859375,96900000,21344.919921875,-57.2109375,0
2019-05-10,21344.919921875,98500000,21191.279296875,-153.640625,0
2019-05-13,21191.279296875,74500000,21067.23046875,-124.048828125,0
2019-05-14,21067.23046875,90200000,21188.560546875,121.330078125,1
2019-05-15,21188.560546875,84100000,21062.98046875,-125.580078125,0
2019-05-16,21062.98046875,82500000,21250.08984375,187.109375,1
2019-05-17,21250.08984375,75800000,21301.73046875,51.640625,1
2019-05-20,21301.73046875,65100000,21272.44921875,-29.28125,0
2019-05-21,21272.44921875,70100000,21283.369140625,10.919921875,1
2019-05-22,21283.369140625,64500000,21151.140625,-132.228515625,0
2019-05-23,21151.140625,63900000,21117.220703125,-33.919921875,0
2019-05-24,21117.220703125,67700000,21182.580078125,65.359375,1
2019-05-27,21182.580078125,41600000,21260.140625,77.560546875,1
2019-05-28,21260.140625,98500000,21003.369140625,-256.771484375,0
2019-05-29,21003.369140625,70000000,20942.529296875,-60.83984375,0
2019-05-30,20942.529296875,58700000,20601.189453125,-341.33984375,0
2019-05-31,20601.189453125,79100000,20410.880859375,-190.30859375,0
2019-06-03,20410.880859375,67400000,20408.5390625,-2.341796875,0
2019-06-04,20408.5390625,69200000,20776.099609375,367.560546875,1
2019-06-05,20776.099609375,72300000,20774.0390625,-2.060546875,0
2019-06-06,20774.0390625,59600000,20884.7109375,110.671875,1
2019-06-07,20884.7109375,50700000,21134.419921875,249.708984375,1
2019-06-10,21134.419921875,58200000,21204.279296875,69.859375,1
2019-06-11,21204.279296875,52100000,21129.720703125,-74.55859375,0
2019-06-12,21129.720703125,56500000,21032.0,-97.720703125,0
2019-06-13,21032.0,65700000,21116.890625,84.890625,1
2019-06-14,21116.890625,60400000,21124.0,7.109375,1
2019-06-17,21124.0,49100000,20972.7109375,-151.2890625,0
2019-06-18,20972.7109375,54600000,21333.869140625,361.158203125,1
2019-06-19,21333.869140625,64100000,21462.859375,128.990234375,1
2019-06-20,21462.859375,55700000,21258.640625,-204.21875,0
2019-06-21,21258.640625,89000000,21285.990234375,27.349609375,1
2019-06-24,21285.990234375,43200000,21193.810546875,-92.1796875,0
2019-06-25,21193.810546875,53900000,21086.58984375,-107.220703125,0
2019-06-26,21086.58984375,50300000,21338.169921875,251.580078125,1
2019-06-27,21338.169921875,61300000,21275.919921875,-62.25,0
2019-06-28,21275.919921875,62100000,21729.970703125,454.05078125,1
2019-07-01,21729.970703125,66900000,21754.26953125,24.298828125,1
2019-07-02,21754.26953125,54700000,21638.16015625,-116.109375,0
2019-07-03,21638.16015625,55000000,21702.44921875,64.2890625,1
2019-07-04,21702.44921875,37800000,21746.380859375,43.931640625,1
2019-07-05,21746.380859375,44800000,21534.349609375,-212.03125,0
2019-07-08,21534.349609375,51900000,21565.150390625,30.80078125,1
2019-07-09,21565.150390625,53900000,21533.48046875,-31.669921875,0
2019-07-10,21533.48046875,58900000,21643.529296875,110.048828125,1
2019-07-11,21643.529296875,49600000,21685.900390625,42.37109375,1
2019-07-12,21685.900390625,45400000,21535.25,-150.650390625,0
2019-07-16,21535.25,49800000,21469.1796875,-66.0703125,0
2019-07-17,21469.1796875,53300000,21046.240234375,-422.939453125,0
2019-07-18,21046.240234375,70200000,21466.990234375,420.75,1
2019-07-19,21466.990234375,57900000,21416.7890625,-50.201171875,0
2019-07-22,21416.7890625,46900000,21620.880859375,204.091796875,1
2019-07-23,21620.880859375,48100000,21709.5703125,88.689453125,1
2019-07-24,21709.5703125,51100000,21756.55078125,46.98046875,1
2019-07-25,21756.55078125,46900000,21658.150390625,-98.400390625,0
2019-07-26,21658.150390625,47600000,21616.80078125,-41.349609375,0
2019-07-29,21616.80078125,47000000,21709.310546875,92.509765625,1
2019-07-30,21709.310546875,54500000,21521.529296875,-187.78125,0
2019-07-31,21521.529296875,76500000,21540.990234375,19.4609375,1
2019-08-01,21540.990234375,75700000,21087.16015625,-453.830078125,0
2019-08-02,21087.16015625,91500000,20720.2890625,-366.87109375,0
2019-08-05,20720.2890625,85800000,20585.310546875,-134.978515625,0
2019-08-06,20585.310546875,89700000,20516.560546875,-68.75,0
2019-08-07,20516.560546875,73600000,20593.349609375,76.7890625,1
2019-08-08,20593.349609375,64800000,20684.8203125,91.470703125,1
2019-08-09,20684.8203125,63700000,20455.439453125,-229.380859375,0
2019-08-13,20455.439453125,72900000,20655.130859375,199.69140625,1
2019-08-14,20655.130859375,60900000,20405.650390625,-249.48046875,0
2019-08-15,20405.650390625,68200000,20418.810546875,13.16015625,1
2019-08-16,20418.810546875,58400000,20563.16015625,144.349609375,1
2019-08-19,20563.16015625,50600000,20677.220703125,114.060546875,1
2019-08-20,20677.220703125,50100000,20618.5703125,-58.650390625,0
2019-08-21,20618.5703125,53000000,20628.009765625,9.439453125,1
2019-08-22,20628.009765625,54600000,20710.91015625,82.900390625,1
2019-08-23,20710.91015625,50700000,20261.0390625,-449.87109375,0
2019-08-26,20261.0390625,69900000,20456.080078125,195.041015625,1
2019-08-27,20456.080078125,60800000,20479.419921875,23.33984375,1
2019-08-28,20479.419921875,51500000,20460.9296875,-18.490234375,0
2019-08-29,20460.9296875,55100000,20704.369140625,243.439453125,1
2019-08-30,20704.369140625,72000000,20620.189453125,-84.1796875,0
2019-09-02,20620.189453125,42400000,20625.16015625,4.970703125,1
2019-09-03,20625.16015625,0,20649.140625,23.98046875,1
2019-09-04,20649.140625,51500000,21085.939453125,436.798828125,1
2019-09-05,21085.939453125,83000000,21199.5703125,113.630859375,1
2019-09-06,21199.5703125,71100000,21318.419921875,118.849609375,1
2019-09-09,21318.419921875,57800000,21392.099609375,73.6796875,1
2019-09-10,21392.099609375,92400000,21597.759765625,205.66015625,1
2019-09-11,21597.759765625,110100000,21759.609375,161.849609375,1
2019-09-12,21759.609375,96000000,21988.2890625,228.6796875,1
2019-09-13,21988.2890625,116300000,22001.3203125,13.03125,1
2019-09-17,22001.3203125,81500000,21960.7109375,-40.609375,0
2019-09-18,21960.7109375,69400000,22044.44921875,83.73828125,1
2019-09-19,22044.44921875,78200000,22079.08984375,34.640625,1
2019-09-20,22079.08984375,85000000,22098.83984375,19.75,1
2019-09-24,22098.83984375,68400000,22020.150390625,-78.689453125,0
2019-09-25,22020.150390625,61600000,22048.240234375,28.08984375,1
2019-09-26,22048.240234375,81600000,21878.900390625,-169.33984375,0
2019-09-27,21878.900390625,76400000,21755.83984375,-123.060546875,0
2019-09-30,21755.83984375,69900000,21885.240234375,129.400390625,1
2019-10-01,21885.240234375,62300000,21778.609375,-106.630859375,0
2019-10-02,21778.609375,63300000,21341.740234375,-436.869140625,0
2019-10-03,21341.740234375,67700000,21410.19921875,68.458984375,1
2019-10-04,21410.19921875,57700000,21375.25,-34.94921875,0
2019-10-07,21375.25,47400000,21587.779296875,212.529296875,1
2019-10-08,21587.779296875,60800000,21456.380859375,-131.3984375,0
2019-10-09,21456.380859375,55400000,21551.98046875,95.599609375,1
2019-10-10,21551.98046875,59900000,21798.869140625,246.888671875,1
2019-10-11,21798.869140625,67400000,22207.2109375,408.341796875,1
2019-10-15,22207.2109375,74500000,22472.919921875,265.708984375,1
2019-10-16,22472.919921875,78700000,22451.859375,-21.060546875,0
2019-10-17,22451.859375,57800000,22492.6796875,40.8203125,1
2019-10-18,22492.6796875,59200000,22548.900390625,56.220703125,1
2019-10-21,22548.900390625,48400000,22625.380859375,76.48046875,1
2019-10-23,22625.380859375,68000000,22750.599609375,125.21875,1
2019-10-24,22750.599609375,61300000,22799.810546875,49.2109375,1
2019-10-25,22799.810546875,57200000,22867.26953125,67.458984375,1
2019-10-28,22867.26953125,48100000,22974.130859375,106.861328125,1
2019-10-29,22974.130859375,72900000,22843.119140625,-131.01171875,0
2019-10-30,22843.119140625,101600000,22927.0390625,83.919921875,1
2019-10-31,22927.0390625,78300000,22850.76953125,-76.26953125,0
2019-11-01,22850.76953125,65400000,23251.990234375,401.220703125,1
2019-11-05,23251.990234375,102100000,23303.8203125,51.830078125,1
2019-11-06,23303.8203125,77400000,23330.3203125,26.5,1
2019-11-07,23330.3203125,70900000,23391.869140625,61.548828125,1
2019-11-08,23391.869140625,94600000,23331.83984375,-60.029296875,0
2019-11-11,23331.83984375,61500000,23520.009765625,188.169921875,1
2019-11-12,23520.009765625,63000000,23319.869140625,-200.140625,0
2019-11-13,23319.869140625,63400000,23141.55078125,-178.318359375,0
2019-11-14,23141.55078125,79900000,23303.3203125,161.76953125,1
2019-11-15,23303.3203125,72200000,23416.759765625,113.439453125,1
2019-11-18,23416.759765625,57300000,23292.650390625,-124.109375,0
2019-11-19,23292.650390625,64200000,23148.5703125,-144.080078125,0
2019-11-20,23148.5703125,65700000,23038.580078125,-109.990234375,0
2019-11-21,23038.580078125,69800000,23112.880859375,74.30078125,1
2019-11-22,23112.880859375,55600000,23292.810546875,179.9296875,1
2019-11-25,23292.810546875,50300000,23373.3203125,80.509765625,1
2019-11-26,23373.3203125,94300000,23437.76953125,64.44921875,1
2019-11-27,23437.76953125,52200000,23409.140625,-28.62890625,0
2019-11-28,23409.140625,44800000,23293.91015625,-115.23046875,0
2019-11-29,23293.91015625,52100000,23529.5,235.58984375,1
2019-12-02,23529.5,47700000,23379.810546875,-149.689453125,0
2019-12-03,23379.810546875,58800000,23135.23046875,-244.580078125,0
2019-12-04,23135.23046875,58100000,23300.08984375,164.859375,1
2019-12-05,23300.08984375,61400000,23354.400390625,54.310546875,1
2019-12-06,23354.400390625,54400000,23430.69921875,76.298828125,1
2019-12-09,23430.69921875,55800000,23410.189453125,-20.509765625,0
2019-12-10,23410.189453125,52800000,23391.859375,-18.330078125,0
2019-12-11,23391.859375,61300000,23424.810546875,32.951171875,1
2019-12-12,23424.810546875,56300000,24023.099609375,598.2890625,1
2019-12-13,24023.099609375,115500000,23952.349609375,-70.75,0
2019-12-16,23952.349609375,53300000,24066.119140625,113.76953125,1
2019-12-17,24066.119140625,64000000,23934.4296875,-131.689453125,0
2019-12-18,23934.4296875,66300000,23864.849609375,-69.580078125,0
2019-12-19,23864.849609375,55600000,23816.630859375,-48.21875,0
2019-12-20,23816.630859375,70300000,23821.109375,4.478515625,1
2019-12-23,23821.109375,45200000,23830.580078125,9.470703125,1
2019-12-24,23830.580078125,37900000,23782.869140625,-47.7109375,0
2019-12-25,23782.869140625,31600000,23924.919921875,142.05078125,1
2019-12-26,23924.919921875,40300000,23837.720703125,-87.19921875,0
2019-12-27,23837.720703125,44800000,23656.619140625,-181.1015625,0
2019-12-30,23656.619140625,41600000,23204.859375,-451.759765625,0
2020-01-06,23204.859375,72800000,23575.720703125,370.861328125,1
2020-01-07,23575.720703125,64300000,23204.759765625,-370.9609375,0
2020-01-08,23204.759765625,79400000,23739.869140625,535.109375,1
2020-01-09,23739.869140625,62200000,23850.5703125,110.701171875,1
2020-01-10,23850.5703125,55900000,24025.169921875,174.599609375,1
2020-01-14,24025.169921875,64200000,23916.580078125,-108.58984375,0
2020-01-15,23916.580078125,57200000,23933.130859375,16.55078125,1
2020-01-16,23933.130859375,55400000,24041.259765625,108.12890625,1
2020-01-17,24041.259765625,59400000,24083.509765625,42.25,1
2020-01-20,24083.509765625,38300000,23864.560546875,-218.94921875,0
2020-01-21,23864.560546875,44600000,24031.349609375,166.7890625,1
2020-01-22,24031.349609375,49000000,23795.439453125,-235.91015625,0
2020-01-23,23795.439453125,55500000,23827.1796875,31.740234375,1
2020-01-24,23827.1796875,48700000,23343.509765625,-483.669921875,0
2020-01-27,23343.509765625,62400000,23215.7109375,-127.798828125,0
2020-01-28,23215.7109375,64400000,23379.400390625,163.689453125,1
2020-01-29,23379.400390625,54900000,22977.75,-401.650390625,0
2020-01-30,22977.75,69600000,23205.1796875,227.4296875,1
2020-01-31,23205.1796875,75400000,22971.939453125,-233.240234375,0
2020-02-03,22971.939453125,72500000,23084.58984375,112.650390625,1
2020-02-04,23084.58984375,67900000,23319.560546875,234.970703125,1
2020-02-05,23319.560546875,70300000,23873.58984375,554.029296875,1
2020-02-06,23873.58984375,95100000,23827.98046875,-45.609375,0
2020-02-07,23827.98046875,65400000,23685.98046875,-142.0,0
2020-02-10,23685.98046875,56500000,23861.2109375,175.23046875,1
2020-02-12,23861.2109375,74600000,23827.73046875,-33.48046875,0
2020-02-13,23827.73046875,64500000,23687.58984375,-140.140625,0
2020-02-14,23687.58984375,69100000,23523.240234375,-164.349609375,0
2020-02-17,23523.240234375,54000000,23193.80078125,-329.439453125,0
2020-02-18,23193.80078125,59500000,23400.69921875,206.8984375,1
2020-02-19,23400.69921875,61600000,23479.150390625,78.451171875,1
2020-02-20,23479.150390625,63300000,23386.740234375,-92.41015625,0
2020-02-21,23386.740234375,62100000,22605.41015625,-781.330078125,0
2020-02-25,22605.41015625,105800000,22426.189453125,-179.220703125,0
2020-02-26,22426.189453125,99300000,21948.23046875,-477.958984375,0
2020-02-27,21948.23046875,106200000,21142.9609375,-805.26953125,0
2020-02-28,21142.9609375,148500000,21344.080078125,201.119140625,1
2020-03-02,21344.080078125,123700000,21082.73046875,-261.349609375,0
2020-03-03,21082.73046875,105300000,21100.060546875,17.330078125,1
2020-03-04,21100.060546875,94600000,21329.119140625,229.05859375,1
2020-03-05,21329.119140625,85700000,20749.75,-579.369140625,0
2020-03-06,20749.75,111700000,19698.759765625,-1050.990234375,0
2020-03-09,19698.759765625,170300000,19867.119140625,168.359375,1
2020-03-10,19867.119140625,164700000,19416.060546875,-451.05859375,0
2020-03-11,19416.060546875,129200000,18559.630859375,-856.4296875,0
2020-03-12,18559.630859375,164600000,17431.05078125,-1128.580078125,0
2020-03-13,17431.05078125,233400000,17002.0390625,-429.01171875,0
2020-03-16,17002.0390625,158100000,17011.529296875,9.490234375,1
2020-03-17,17011.529296875,198800000,16726.55078125,-284.978515625,0
2020-03-18,16726.55078125,177200000,16552.830078125,-173.720703125,0
2020-03-19,16552.830078125,198900000,16887.779296875,334.94921875,1
2020-03-23,16887.779296875,170300000,18092.349609375,1204.5703125,1
2020-03-24,18092.349609375,147300000,19546.630859375,1454.28125,1
2020-03-25,19546.630859375,147700000,18664.599609375,-882.03125,0
2020-03-26,18664.599609375,128100000,19389.4296875,724.830078125,1
2020-03-27,19389.4296875,148900000,19084.970703125,-304.458984375,0
2020-03-30,19084.970703125,121000000,18917.009765625,-167.9609375,0
2020-03-31,18917.009765625,122200000,18065.41015625,-851.599609375,0
2020-04-01,18065.41015625,105800000,17818.720703125,-246.689453125,0
2020-04-02,17818.720703125,107300000,17820.189453125,1.46875,1
2020-04-03,17820.189453125,96000000,18576.30078125,756.111328125,1
2020-04-06,18576.30078125,105700000,18950.1796875,373.87890625,1
2020-04-07,18950.1796875,108200000,19353.240234375,403.060546875,1
2020-04-08,19353.240234375,105900000,19345.76953125,-7.470703125,0
2020-04-09,19345.76953125,82300000,19498.5,152.73046875,1
2020-04-10,19498.5,87500000,19043.400390625,-455.099609375,0
2020-04-13,19043.400390625,65600000,19638.810546875,595.41015625,1
2020-04-14,19638.810546875,81900000,19550.08984375,-88.720703125,0
2020-04-15,19550.08984375,94100000,19290.19921875,-259.890625,0
2020-04-16,19290.19921875,81400000,19897.259765625,607.060546875,1
2020-04-17,19897.259765625,87800000,19669.119140625,-228.140625,0
2020-04-20,19669.119140625,65000000,19280.779296875,-388.33984375,0
2020-04-21,19280.779296875,79400000,19137.94921875,-142.830078125,0
2020-04-22,19137.94921875,76400000,19429.439453125,291.490234375,1
2020-04-23,19429.439453125,72600000,19262.0,-167.439453125,0
2020-04-24,19262.0,84700000,19783.220703125,521.220703125,1
2020-04-27,19783.220703125,77600000,19771.189453125,-12.03125,0
2020-04-28,19771.189453125,68600000,20193.689453125,422.5,1
2020-04-30,20193.689453125,103400000,19619.349609375,-574.33984375,0
2020-05-01,19619.349609375,86600000,19674.76953125,55.419921875,1
2020-05-07,19674.76953125,82900000,20179.08984375,504.3203125,1
2020-05-08,20179.08984375,82200000,20390.66015625,211.5703125,1
2020-05-11,20390.66015625,76200000,20366.48046875,-24.1796875,0
2020-05-12,20366.48046875,67700000,20267.05078125,-99.4296875,0
2020-05-13,20267.05078125,79500000,19914.779296875,-352.271484375,0
2020-05-14,19914.779296875,76900000,20037.470703125,122.69140625,1
2020-05-15,20037.470703125,75200000,20133.73046875,96.259765625,1
2020-05-18,20133.73046875,71900000,20433.44921875,299.71875,1
2020-05-19,20433.44921875,93000000,20595.150390625,161.701171875,1
2020-05-20,20595.150390625,71800000,20552.310546875,-42.83984375,0
2020-05-21,20552.310546875,62900000,20388.16015625,-164.150390625,0
2020-05-22,20388.16015625,71100000,20741.650390625,353.490234375,1
2020-05-25,20741.650390625,55100000,21271.169921875,529.51953125,1
2020-05-26,21271.169921875,87200000,21419.23046875,148.060546875,1
2020-05-27,21419.23046875,112000000,21916.310546875,497.080078125,1
2020-05-28,21916.310546875,134000000,21877.890625,-38.419921875,0
2020-05-29,21877.890625,153200000,22062.390625,184.5,1
2020-06-01,22062.390625,72200000,22325.609375,263.21875,1
2020-06-02,22325.609375,77900000,22613.759765625,288.150390625,1
2020-06-03,22613.759765625,94100000,22695.740234375,81.98046875,1
2020-06-04,22695.740234375,92000000,22863.73046875,167.990234375,1
2020-06-05,22863.73046875,85600000,23178.099609375,314.369140625,1
2020-06-08,23178.099609375,108500000,23091.029296875,-87.0703125,0
2020-06-09,23091.029296875,91500000,23124.94921875,33.919921875,1
2020-06-10,23124.94921875,75600000,22472.91015625,-652.0390625,0
2020-06-11,22472.91015625,105900000,22305.48046875,-167.4296875,0
2020-06-12,22305.48046875,120500000,21530.94921875,-774.53125,0
2020-06-15,21530.94921875,78500000,22582.2109375,1051.26171875,1
2020-06-16,22582.2109375,100100000,22455.759765625,-126.451171875,0
2020-06-17,22455.759765625,72500000,22355.4609375,-100.298828125,0
2020-06-18,22355.4609375,65200000,22478.7890625,123.328125,1
2020-06-19,22478.7890625,97000000,22437.26953125,-41.51953125,0
2020-06-22,22437.26953125,54600000,22549.05078125,111.78125,1
2020-06-23,22549.05078125,0,22534.3203125,-14.73046875,0
2020-06-24,22534.3203125,67000000,22259.7890625,-274.53125,0
2020-06-25,22259.7890625,80800000,22512.080078125,252.291015625,1
2020-06-26,22512.080078125,66600000,21995.0390625,-517.041015625,0
2020-06-29,21995.0390625,73700000,22288.140625,293.1015625,1
2020-06-30,22288.140625,74200000,22121.73046875,-166.41015625,0
2020-07-01,22121.73046875,67400000,22145.9609375,24.23046875,1
2020-07-02,22145.9609375,73600000,22306.48046875,160.51953125,1
2020-07-03,22306.48046875,51700000,22714.439453125,407.958984375,1
2020-07-06,22714.439453125,58000000,22614.689453125,-99.75,0
2020-07-07,22614.689453125,62700000,22438.650390625,-176.0390625,0
2020-07-08,22438.650390625,64900000,22529.2890625,90.638671875,1
2020-07-09,22529.2890625,65200000,22290.810546875,-238.478515625,0
2020-07-10,22290.810546875,78800000,22784.740234375,493.9296875,1
2020-07-13,22784.740234375,71200000,22587.009765625,-197.73046875,0
2020-07-14,22587.009765625,61000000,22945.5,358.490234375,1
2020-07-15,22945.5,72600000,22770.359375,-175.140625,0
2020-07-16,22770.359375,89400000,22696.419921875,-73.939453125,0
2020-07-17,22696.419921875,55900000,22717.48046875,21.060546875,1
2020-07-20,22717.48046875,50000000,22884.220703125,166.740234375,1
2020-07-21,22884.220703125,68600000,22751.609375,-132.611328125,0
2020-07-22,22751.609375,65400000,22715.849609375,-35.759765625,0
2020-07-27,22715.849609375,71800000,22657.380859375,-58.46875,0
2020-07-28,22657.380859375,67800000,22397.109375,-260.271484375,0
2020-07-29,22397.109375,74300000,22339.23046875,-57.87890625,0
2020-07-30,22339.23046875,77800000,21710.0,-629.23046875,0
2020-07-31,21710.0,106600000,22195.380859375,485.380859375,1
2020-08-03,22195.380859375,84000000,22573.66015625,378.279296875,1
2020-08-04,22573.66015625,89100000,22514.849609375,-58.810546875,0
2020-08-05,22514.849609375,74000000,22418.150390625,-96.69921875,0
2020-08-06,22418.150390625,62600000,22329.939453125,-88.2109375,0
2020-08-07,22329.939453125,66700000,22750.240234375,420.30078125,1
2020-08-11,22750.240234375,99300000,22843.9609375,93.720703125,1
2020-08-12,22843.9609375,90800000,23249.609375,405.6484375,1
2020-08-13,23249.609375,84800000,23289.359375,39.75,1
2020-08-14,23289.359375,59800000,23096.75,-192.609375,0
2020-08-17,23096.75,43600000,23051.080078125,-45.669921875,0
2020-08-18,23051.080078125,55600000,23110.609375,59.529296875,1
2020-08-19,23110.609375,50100000,22880.619140625,-229.990234375,0
2020-08-20,22880.619140625,50200000,22920.30078125,39.681640625,1
2020-08-21,22920.30078125,51200000,22985.509765625,65.208984375,1
2020-08-24,22985.509765625,40600000,23296.76953125,311.259765625,1
2020-08-25,23296.76953125,75300000,23290.859375,-5.91015625,0
2020-08-26,23290.859375,47800000,23208.859375,-82.0,0
2020-08-27,23208.859375,52700000,22882.650390625,-326.208984375,0
2020-08-28,22882.650390625,98100000,23139.759765625,257.109375,1
2020-08-31,23139.759765625,81000000,23138.0703125,-1.689453125,0
2020-09-01,23138.0703125,59600000,23247.150390625,109.080078125,1
2020-09-02,23247.150390625,52600000,23465.529296875,218.37890625,1
2020-09-03,23465.529296875,57500000,23205.4296875,-260.099609375,0
2020-09-04,23205.4296875,59300000,23089.94921875,-115.48046875,0
2020-09-07,23089.94921875,57300000,23274.130859375,184.181640625,1
2020-09-08,23274.130859375,62100000,23032.5390625,-241.591796875,0
2020-09-09,23032.5390625,84400000,23235.470703125,202.931640625,1
2020-09-10,23235.470703125,67600000,23406.490234375,171.01953125,1
2020-09-11,23406.490234375,76900000,23559.30078125,152.810546875,1
2020-09-14,23559.30078125,65400000,23454.890625,-104.41015625,0
2020-09-15,23454.890625,61800000,23475.529296875,20.638671875,1
2020-09-16,23475.529296875,63000000,23319.369140625,-156.16015625,0
2020-09-17,23319.369140625,61100000,23360.30078125,40.931640625,1
2020-09-18,23360.30078125,82600000,23346.490234375,-13.810546875,0
2020-09-23,23346.490234375,77000000,23087.8203125,-258.669921875,0
2020-09-24,23087.8203125,70500000,23204.619140625,116.798828125,1
2020-09-25,23204.619140625,72200000,23511.619140625,307.0,1
2020-09-28,23511.619140625,82000000,23539.099609375,27.48046875,1
2020-09-29,23539.099609375,61300000,23185.119140625,-353.98046875,0
2020-09-30,23185.119140625,88200000,23029.900390625,-155.21875,0
2020-10-02,23029.900390625,86300000,23312.140625,282.240234375,1
2020-10-05,23312.140625,59500000,23433.73046875,121.58984375,1
2020-10-06,23433.73046875,57700000,23422.8203125,-10.91015625,0
2020-10-07,23422.8203125,52100000,23647.0703125,224.25,1
2020-10-08,23647.0703125,56300000,23619.689453125,-27.380859375,0
2020-10-09,23619.689453125,56100000,23558.689453125,-61.0,0
2020-10-12,23558.689453125,44900000,23601.779296875,43.08984375,1
2020-10-13,23601.779296875,47200000,23626.73046875,24.951171875,1
2020-10-14,23626.73046875,54000000,23507.23046875,-119.5,0
2020-10-15,23507.23046875,48300000,23410.630859375,-96.599609375,0
2020-10-16,23410.630859375,48100000,23671.130859375,260.5,1
2020-10-19,23671.130859375,46300000,23567.0390625,-104.091796875,0
2020-10-20,23567.0390625,48700000,23639.4609375,72.421875,1
2020-10-21,23639.4609375,53300000,23474.26953125,-165.19140625,0
2020-10-22,23474.26953125,44900000,23516.58984375,42.3203125,1
2020-10-23,23516.58984375,49200000,23494.33984375,-22.25,0
2020-10-26,23494.33984375,41700000,23485.80078125,-8.5390625,0
2020-10-27,23485.80078125,52700000,23418.509765625,-67.291015625,0
2020-10-28,23418.509765625,67100000,23331.939453125,-86.5703125,0
2020-10-29,23331.939453125,57500000,22977.130859375,-354.80859375,0
2020-10-30,22977.130859375,76700000,23295.48046875,318.349609375,1
2020-11-02,23295.48046875,69700000,23695.23046875,399.75,1
2020-11-04,23695.23046875,81600000,24105.279296875,410.048828125,1
2020-11-05,24105.279296875,78600000,24325.23046875,219.951171875,1
2020-11-06,24325.23046875,73200000,24839.83984375,514.609375,1
2020-11-09,24839.83984375,67000000,24905.58984375,65.75,1
2020-11-10,24905.58984375,128200000,25349.599609375,444.009765625,1
2020-11-11,25349.599609375,102500000,25520.880859375,171.28125,1
2020-11-12,25520.880859375,80500000,25385.869140625,-135.01171875,0
2020-11-13,25385.869140625,77600000,25906.9296875,521.060546875,1
2020-11-16,25906.9296875,84900000,26014.619140625,107.689453125,1
2020-11-17,26014.619140625,84800000,25728.140625,-286.478515625,0
2020-11-18,25728.140625,69200000,25634.33984375,-93.80078125,0
2020-11-19,25634.33984375,82000000,25527.369140625,-106.970703125,0
2020-11-20,25527.369140625,63400000,26165.58984375,638.220703125,1
2020-11-24,26165.58984375,81700000,26296.859375,131.26953125,1
2020-11-25,26296.859375,92500000,26537.310546875,240.451171875,1
2020-11-26,26537.310546875,63500000,26644.7109375,107.400390625,1
2020-11-27,26644.7109375,86200000,26433.619140625,-211.091796875,0
2020-11-30,26433.619140625,147700000,26787.5390625,353.919921875,1
2020-12-01,26787.5390625,73200000,26800.98046875,13.44140625,1
2020-12-02,26800.98046875,80200000,26809.369140625,8.388671875,1
2020-12-03,26809.369140625,69500000,26751.240234375,-58.12890625,0
2020-12-04,26751.240234375,61600000,26547.439453125,-203.80078125,0
2020-12-07,26547.439453125,61600000,26467.080078125,-80.359375,0
2020-12-08,26467.080078125,55100000,26817.939453125,350.859375,1
2020-12-09,26817.939453125,61800000,26756.240234375,-61.69921875,0
2020-12-10,26756.240234375,69200000,26652.51953125,-103.720703125,0
2020-12-11,26652.51953125,74900000,26732.439453125,79.919921875,1
2020-12-14,26732.439453125,60000000,26687.83984375,-44.599609375,0
2020-12-15,26687.83984375,59300000,26757.400390625,69.560546875,1
2020-12-16,26757.400390625,61300000,26806.669921875,49.26953125,1
2020-12-17,26806.669921875,61500000,26763.390625,-43.279296875,0
2020-12-18,26763.390625,73800000,26714.419921875,-48.970703125,0
2020-12-21,26714.419921875,60700000,26436.390625,-278.029296875,0
2020-12-22,26436.390625,58600000,26524.7890625,88.3984375,1
2020-12-23,26524.7890625,56000000,26668.349609375,143.560546875,1
2020-12-24,26668.349609375,47900000,26656.609375,-11.740234375,0
2020-12-25,26656.609375,33400000,26854.029296875,197.419921875,1
2020-12-28,26854.029296875,50700000,27568.150390625,714.12109375,1
2020-12-29,27568.150390625,59400000,27444.169921875,-123.98046875,0
2020-12-30,27444.169921875,50600000,27258.380859375,-185.7890625,0
2021-01-04,27258.380859375,51500000,27158.630859375,-99.75,0
2021-01-05,27158.630859375,55000000,27055.939453125,-102.69140625,0
2021-01-06,27055.939453125,72700000,27490.130859375,434.19140625,1
2021-01-07,27490.130859375,98900000,28139.029296875,648.8984375,1
2021-01-08,28139.029296875,84900000,28164.33984375,25.310546875,1
2021-01-12,28164.33984375,78800000,28456.58984375,292.25,1
2021-01-13,28456.58984375,70900000,28698.259765625,241.669921875,1
2021-01-14,28698.259765625,81900000,28519.1796875,-179.080078125,0
2021-01-15,28519.1796875,74100000,28242.2109375,-276.96875,0
2021-01-18,28242.2109375,51900000,28633.4609375,391.25,1
2021-01-19,28633.4609375,58200000,28523.259765625,-110.201171875,0
2021-01-20,28523.259765625,69800000,28756.859375,233.599609375,1
2021-01-21,28756.859375,67700000,28631.44921875,-125.41015625,0
2021-01-22,28631.44921875,66900000,28822.2890625,190.83984375,1
2021-01-25,28822.2890625,57300000,28546.1796875,-276.109375,0
2021-01-26,28546.1796875,63500000,28635.2109375,89.03125,1
2021-01-27,28635.2109375,69000000,28197.419921875,-437.791015625,0
2021-01-28,28197.419921875,123900000,27663.390625,-534.029296875,0
2021-01-29,27663.390625,91700000,28091.05078125,427.66015625,1
2021-02-01,28091.05078125,65700000,28362.169921875,271.119140625,1
2021-02-02,28362.169921875,67500000,28646.5,284.330078125,1
2021-02-03,28646.5,84000000,28341.94921875,-304.55078125,0
2021-02-04,28341.94921875,81100000,28779.189453125,437.240234375,1
2021-02-05,28779.189453125,93200000,29388.5,609.310546875,1
2021-02-08,29388.5,93600000,29505.9296875,117.4296875,1
2021-02-09,29505.9296875,86900000,29562.9296875,57.0,1
2021-02-10,29562.9296875,81100000,29520.0703125,-42.859375,0
2021-02-12,29520.0703125,79800000,30084.150390625,564.080078125,1
2021-02-15,30084.150390625,70300000,30467.75,383.599609375,1
2021-02-16,30467.75,81300000,30292.189453125,-175.560546875,0
2021-02-17,30292.189453125,74800000,30236.08984375,-56.099609375,0
2021-02-18,30236.08984375,77900000,30017.919921875,-218.169921875,0
2021-02-19,30017.919921875,63700000,30156.029296875,138.109375,1
2021-02-22,30156.029296875,62800000,29671.69921875,-484.330078125,0
2021-02-24,29671.69921875,79300000,30168.26953125,496.5703125,1
2021-02-25,30168.26953125,70100000,28966.009765625,-1202.259765625,0
2021-02-26,28966.009765625,92900000,29663.5,697.490234375,1
2021-03-01,29663.5,62700000,29408.169921875,-255.330078125,0
2021-03-02,29408.169921875,70100000,29559.099609375,150.9296875,1
2021-03-03,29559.099609375,68800000,28930.109375,-628.990234375,0
2021-03-04,28930.109375,75200000,28864.3203125,-65.7890625,0
2021-03-05,28864.3203125,85800000,28743.25,-121.0703125,0
2021-03-08,28743.25,92400000,29027.939453125,284.689453125,1
2021-03-09,29027.939453125,96700000,29036.560546875,8.62109375,1
2021-03-10,29036.560546875,83000000,29211.640625,175.080078125,1
2021-03-11,29211.640625,78500000,29717.830078125,506.189453125,1
2021-03-12,29717.830078125,96600000,29766.970703125,49.140625,1
2021-03-15,29766.970703125,94100000,29921.08984375,154.119140625,1
2021-03-16,29921.08984375,83800000,29914.330078125,-6.759765625,0
2021-03-17,29914.330078125,74600000,30216.75,302.419921875,1
2021-03-18,30216.75,95400000,29792.05078125,-424.69921875,0
2021-03-19,29792.05078125,128500000,29174.150390625,-617.900390625,0
2021-03-22,29174.150390625,78800000,28995.919921875,-178.23046875,0
2021-03-23,28995.919921875,79200000,28405.51953125,-590.400390625,0
2021-03-24,28405.51953125,96000000,28729.880859375,324.361328125,1
2021-03-25,28729.880859375,72800000,29176.69921875,446.818359375,1
2021-03-26,29176.69921875,73700000,29384.51953125,207.8203125,1
2021-03-29,29384.51953125,107900000,29432.69921875,48.1796875,1
2021-03-30,29432.69921875,79900000,29178.80078125,-253.8984375,0
2021-03-31,29178.80078125,82000000,29388.869140625,210.068359375,1
2021-04-01,29388.869140625,75600000,29854.0,465.130859375,1
2021-04-02,29854.0,57200000,30089.25,235.25,1
2021-04-05,30089.25,55400000,29696.630859375,-392.619140625,0
2021-04-06,29696.630859375,65500000,29730.7890625,34.158203125,1
2021-04-07,29730.7890625,61500000,29708.98046875,-21.80859375,0
2021-04-08,29708.98046875,62600000,29768.060546875,59.080078125,1
2021-04-09,29768.060546875,64900000,29538.73046875,-229.330078125,0
2021-04-12,29538.73046875,50200000,29751.609375,212.87890625,1
2021-04-13,29751.609375,54900000,29620.990234375,-130.619140625,0
2021-04-14,29620.990234375,57200000,29642.689453125,21.69921875,1
2021-04-15,29642.689453125,50600000,29683.369140625,40.6796875,1
2021-04-16,29683.369140625,49100000,29685.369140625,2.0,1
2021-04-19,29685.369140625,44700000,29100.380859375,-584.98828125,0
2021-04-20,29100.380859375,59900000,28508.55078125,-591.830078125,0
2021-04-21,28508.55078125,71000000,29188.169921875,679.619140625,1
2021-04-22,29188.169921875,55100000,29020.630859375,-167.5390625,0
2021-04-23,29020.630859375,47500000,29126.23046875,105.599609375,1
2021-04-26,29126.23046875,49200000,28991.890625,-134.33984375,0
2021-04-27,28991.890625,59400000,29053.970703125,62.080078125,1
2021-04-28,29053.970703125,61400000,28812.630859375,-241.33984375,0
2021-04-30,28812.630859375,78400000,29331.369140625,518.73828125,1
2021-05-06,29331.369140625,94300000,29357.8203125,26.451171875,1
2021-05-07,29357.8203125,67500000,29518.33984375,160.51953125,1
2021-05-10,29518.33984375,66300000,28608.58984375,-909.75,0
2021-05-11,28608.58984375,73200000,28147.509765625,-461.080078125,0
2021-05-12,28147.509765625,90000000,27448.009765625,-699.5,0
2021-05-13,27448.009765625,80500000,28084.470703125,636.4609375,1
2021-05-14,28084.470703125,73500000,27824.830078125,-259.640625,0
2021-05-17,27824.830078125,63900000,28406.83984375,582.009765625,1
2021-05-18,28406.83984375,74700000,28044.44921875,-362.390625,0
2021-05-19,28044.44921875,68700000,28098.25,53.80078125,1
2021-05-20,28098.25,56800000,28317.830078125,219.580078125,1
2021-05-21,28317.830078125,58700000,28364.609375,46.779296875,1
2021-05-24,28364.609375,54700000,28553.98046875,189.37109375,1
2021-05-25,28553.98046875,54000000,28642.189453125,88.208984375,1
2021-05-26,28642.189453125,64200000,28549.009765625,-93.1796875,0
2021-05-27,28549.009765625,138200000,29149.41015625,600.400390625,1
2021-05-28,29149.41015625,80600000,28860.080078125,-289.330078125,0
2021-05-31,28860.080078125,53800000,28814.33984375,-45.740234375,0
2021-06-01,28814.33984375,47400000,28946.140625,131.80078125,1
2021-06-02,28946.140625,71000000,29058.109375,111.96875,1
2021-06-03,29058.109375,58500000,28941.51953125,-116.58984375,0
2021-06-04,28941.51953125,55800000,29019.240234375,77.720703125,1
2021-06-07,29019.240234375,51000000,28963.560546875,-55.6796875,0
2021-06-08,28963.560546875,50400000,28860.80078125,-102.759765625,0
2021-06-09,28860.80078125,50400000,28958.560546875,97.759765625,1
2021-06-10,28958.560546875,53300000,28948.73046875,-9.830078125,0
2021-06-11,28948.73046875,71100000,29161.80078125,213.0703125,1
2021-06-14,29161.80078125,45000000,29441.30078125,279.5,1
2021-06-15,29441.30078125,53000000,29291.009765625,-150.291015625,0
2021-06-16,29291.009765625,52400000,29018.330078125,-272.6796875,0
2021-06-17,29018.330078125,56900000,28964.080078125,-54.25,0
2021-06-18,28964.080078125,90200000,28010.9296875,-953.150390625,0
2021-06-21,28010.9296875,75800000,28884.130859375,873.201171875,1
2021-06-22,28884.130859375,67800000,28874.890625,-9.240234375,0
2021-06-23,28874.890625,51100000,28875.23046875,0.33984375,1
2021-06-24,28875.23046875,44600000,29066.1796875,190.94921875,1
2021-06-25,29066.1796875,51600000,29048.01953125,-18.16015625,0
2021-06-28,29048.01953125,47700000,28812.609375,-235.41015625,0
2021-06-29,28812.609375,59700000,28791.529296875,-21.080078125,0
2021-06-30,28791.529296875,54000000,28707.0390625,-84.490234375,0
2021-07-01,28707.0390625,45900000,28783.279296875,76.240234375,1
2021-07-02,28783.279296875,47500000,28598.189453125,-185.08984375,0
2021-07-05,28598.189453125,38500000,28643.2109375,45.021484375,1
2021-07-06,28643.2109375,41700000,28366.94921875,-276.26171875,0
2021-07-07,28366.94921875,60300000,28118.029296875,-248.919921875,0
2021-07-08,28118.029296875,62200000,27940.419921875,-177.609375,0
2021-07-09,27940.419921875,82300000,28569.01953125,628.599609375,1
2021-07-12,28569.01953125,55500000,28718.240234375,149.220703125,1
2021-07-13,28718.240234375,49800000,28608.490234375,-109.75,0
2021-07-14,28608.490234375,54800000,28279.08984375,-329.400390625,0
2021-07-15,28279.08984375,53200000,28003.080078125,-276.009765625,0
2021-07-16,28003.080078125,50400000,27652.740234375,-350.33984375,0
2021-07-19,27652.740234375,49900000,27388.16015625,-264.580078125,0
2021-07-20,27388.16015625,63000000,27548.0,159.83984375,1
2021-07-21,27548.0,51400000,27833.2890625,285.2890625,1
2021-07-26,27833.2890625,54500000,27970.220703125,136.931640625,1
2021-07-27,27970.220703125,51700000,27581.66015625,-388.560546875,0
2021-07-28,27581.66015625,57100000,27782.419921875,200.759765625,1
2021-07-29,27782.419921875,67800000,27283.58984375,-498.830078125,0
2021-07-30,27283.58984375,70600000,27781.01953125,497.4296875,1
2021-08-02,27781.01953125,60100000,27641.830078125,-139.189453125,0
2021-08-03,27641.830078125,57900000,27584.080078125,-57.75,0
2021-08-04,27584.080078125,67500000,27728.119140625,144.0390625,1
2021-08-05,27728.119140625,55900000,27820.0390625,91.919921875,1
2021-08-06,27820.0390625,56400000,27888.150390625,68.111328125,1
2021-08-10,27888.150390625,61400000,28070.509765625,182.359375,1
2021-08-11,28070.509765625,67100000,28015.01953125,-55.490234375,0
2021-08-12,28015.01953125,57900000,27977.150390625,-37.869140625,0
2021-08-13,27977.150390625,55800000,27523.189453125,-453.9609375,0
2021-08-16,27523.189453125,57200000,27424.470703125,-98.71875,0
2021-08-17,27424.470703125,49600000,27585.91015625,161.439453125,1
2021-08-18,27585.91015625,50100000,27281.169921875,-304.740234375,0
2021-08-19,27281.169921875,65100000,27013.25,-267.919921875,0
2021-08-20,27013.25,75800000,27494.240234375,480.990234375,1
2021-08-23,27494.240234375,56800000,27732.099609375,237.859375,1
2021-08-24,27732.099609375,57100000,27724.80078125,-7.298828125,0
2021-08-25,27724.80078125,51500000,27742.2890625,17.48828125,1
2021-08-26,27742.2890625,48500000,27641.140625,-101.1484375,0
2021-08-27,27641.140625,49200000,27789.2890625,148.1484375,1
2021-08-30,27789.2890625,58600000,28089.5390625,300.25,1
2021-08-31,28089.5390625,75900000,28451.01953125,361.48046875,1
2021-09-01,28451.01953125,64800000,28543.509765625,92.490234375,1
2021-09-02,28543.509765625,60100000,29128.109375,584.599609375,1
2021-09-03,29128.109375,74900000,29659.890625,531.78125,1
2021-09-06,29659.890625,68300000,29916.140625,256.25,1
2021-09-07,29916.140625,75200000,30181.2109375,265.0703125,1
2021-09-08,30181.2109375,82500000,30008.189453125,-173.021484375,0
2021-09-09,30008.189453125,78800000,30381.83984375,373.650390625,1
2021-09-10,30381.83984375,88800000,30447.369140625,65.529296875,1
2021-09-13,30447.369140625,64600000,30670.099609375,222.73046875,1
2021-09-14,30670.099609375,79100000,30511.7109375,-158.388671875,0
2021-09-15,30511.7109375,68600000,30323.33984375,-188.37109375,0
2021-09-16,30323.33984375,69900000,30500.05078125,176.7109375,1
2021-09-17,30500.05078125,97900000,29839.7109375,-660.33984375,0
2021-09-21,29839.7109375,76300000,29639.400390625,-200.310546875,0
2021-09-22,29639.400390625,69000000,30248.810546875,609.41015625,1
2021-09-24,30248.810546875,84600000,30240.060546875,-8.75,0
2021-09-27,30240.060546875,74600000,30183.9609375,-56.099609375,0
2021-09-28,30183.9609375,89800000,29544.2890625,-639.671875,0
2021-09-29,29544.2890625,94700000,29452.66015625,-91.62890625,0
2021-09-30,29452.66015625,99000000,28771.0703125,-681.58984375,0
2021-10-01,28771.0703125,82200000,28444.890625,-326.1796875,0
2021-10-04,28444.890625,76400000,27822.119140625,-622.771484375,0
2021-10-05,27822.119140625,88200000,27528.869140625,-293.25,0
2021-10-06,27528.869140625,100200000,27678.2109375,149.341796875,1
2021-10-07,27678.2109375,79600000,28048.939453125,370.728515625,1
2021-10-08,28048.939453125,82700000,28498.19921875,449.259765625,1
2021-10-11,28498.19921875,72300000,28230.609375,-267.58984375,0
2021-10-12,28230.609375,66300000,28140.279296875,-90.330078125,0
2021-10-13,28140.279296875,63900000,28550.9296875,410.650390625,1
2021-10-14,28550.9296875,64800000,29068.630859375,517.701171875,1
2021-10-15,29068.630859375,66300000,29025.4609375,-43.169921875,0
2021-10-18,29025.4609375,62600000,29215.51953125,190.05859375,1
2021-10-19,29215.51953125,57600000,29255.55078125,40.03125,1
2021-10-20,29255.55078125,66100000,28708.580078125,-546.970703125,0
2021-10-21,28708.580078125,59100000,28804.849609375,96.26953125,1
2021-10-22,28804.849609375,60200000,28600.41015625,-204.439453125,0
2021-10-25,28600.41015625,62700000,29106.009765625,505.599609375,1
2021-10-26,29106.009765625,72800000,29098.240234375,-7.76953125,0
2021-10-27,29098.240234375,70600000,28820.08984375,-278.150390625,0
2021-10-28,28820.08984375,142800000,28892.689453125,72.599609375,1
2021-10-29,28892.689453125,104500000,29647.080078125,754.390625,1
2021-11-01,29647.080078125,76700000,29520.900390625,-126.1796875,0
2021-11-02,29520.900390625,71100000,29794.369140625,273.46875,1
2021-11-04,29794.369140625,90400000,29611.5703125,-182.798828125,0
2021-11-05,29611.5703125,73500000,29507.05078125,-104.51953125,0
2021-11-08,29507.05078125,68300000,29285.4609375,-221.58984375,0
2021-11-09,29285.4609375,65000000,29106.779296875,-178.681640625,0
2021-11-10,29106.779296875,63900000,29277.859375,171.080078125,1
2021-11-11,29277.859375,60600000,29609.970703125,332.111328125,1
2021-11-12,29609.970703125,68400000,29776.80078125,166.830078125,1
2021-11-15,29776.80078125,60400000,29808.119140625,31.318359375,1
2021-11-16,29808.119140625,62000000,29688.330078125,-119.7890625,0
2021-11-17,29688.330078125,63900000,29598.66015625,-89.669921875,0
2021-11-18,29598.66015625,65400000,29745.869140625,147.208984375,1
2021-11-19,29745.869140625,65600000,29774.109375,28.240234375,1
2021-11-22,29774.109375,58800000,29302.66015625,-471.44921875,0
2021-11-24,29302.66015625,69500000,29499.279296875,196.619140625,1
2021-11-25,29499.279296875,50700000,28751.619140625,-747.66015625,0
2021-11-26,28751.619140625,72900000,28283.919921875,-467.69921875,0
2021-11-29,28283.919921875,85900000,27821.759765625,-462.16015625,0
2021-11-30,27821.759765625,140700000,27935.619140625,113.859375,1
2021-12-01,27935.619140625,80900000,27753.369140625,-182.25,0
2021-12-02,27753.369140625,77400000,28029.5703125,276.201171875,1
2021-12-03,28029.5703125,71900000,27927.369140625,-102.201171875,0
2021-12-06,27927.369140625,61700000,28455.599609375,528.23046875,1
2021-12-07,28455.599609375,78300000,28860.619140625,405.01953125,1
2021-12-08,28860.619140625,72000000,28725.470703125,-135.1484375,0
2021-12-09,28725.470703125,54400000,28437.76953125,-287.701171875,0
2021-12-10,28437.76953125,63400000,28640.490234375,202.720703125,1
2021-12-13,28640.490234375,53500000,28432.640625,-207.849609375,0
2021-12-14,28432.640625,55200000,28459.720703125,27.080078125,1
2021-12-15,28459.720703125,55900000,29066.3203125,606.599609375,1
2021-12-16,29066.3203125,60300000,28545.6796875,-520.640625,0
2021-12-17,28545.6796875,84400000,27937.810546875,-607.869140625,0
2021-12-20,27937.810546875,65200000,28517.58984375,579.779296875,1
2021-12-21,28517.58984375,55800000,28562.2109375,44.62109375,1
2021-12-22,28562.2109375,44700000,28798.369140625,236.158203125,1
2021-12-23,28798.369140625,43600000,28782.58984375,-15.779296875,0
2021-12-24,28782.58984375,35900000,28676.4609375,-106.12890625,0
2021-12-27,28676.4609375,37500000,29069.16015625,392.69921875,1
2021-12-28,29069.16015625,47000000,28906.880859375,-162.279296875,0
2021-12-29,28906.880859375,44700000,28791.7109375,-115.169921875,0
2021-12-30,28791.7109375,40400000,29301.7890625,510.078125,1
2022-01-04,29301.7890625,66000000,29332.16015625,30.37109375,1
2022-01-05,29332.16015625,78600000,28487.869140625,-844.291015625,0
2022-01-06,28487.869140625,71600000,28478.560546875,-9.30859375,0
2022-01-07,28478.560546875,75200000,28222.48046875,-256.080078125,0
2022-01-11,28222.48046875,73700000,28765.66015625,543.1796875,1
2022-01-12,28765.66015625,72500000,28489.130859375,-276.529296875,0
2022-01-13,28489.130859375,69900000,28124.279296875,-364.8515625,0
2022-01-14,28124.279296875,82100000,28333.51953125,209.240234375,1
2022-01-17,28333.51953125,54500000,28257.25,-76.26953125,0
2022-01-18,28257.25,71300000,27467.23046875,-790.01953125,0
2022-01-19,27467.23046875,84300000,27772.9296875,305.69921875,1
2022-01-20,27772.9296875,74000000,27522.259765625,-250.669921875,0
2022-01-21,27522.259765625,72700000,27588.369140625,66.109375,1
2022-01-24,27588.369140625,61000000,27131.33984375,-457.029296875,0
2022-01-25,27131.33984375,77000000,27011.330078125,-120.009765625,0
2022-01-26,27011.330078125,60500000,26170.30078125,-841.029296875,0
2022-01-27,26170.30078125,88700000,26717.33984375,547.0390625,1
2022-01-28,26717.33984375,76000000,27001.98046875,284.640625,1
2022-01-31,27001.98046875,78300000,27078.48046875,76.5,1
2022-02-01,27078.48046875,81100000,27533.599609375,455.119140625,1
2022-02-02,27533.599609375,85200000,27241.310546875,-292.2890625,0
2022-02-03,27241.310546875,81100000,27439.990234375,198.6796875,1
2022-02-04,27439.990234375,79600000,27248.869140625,-191.12109375,0
2022-02-07,27248.869140625,77100000,27284.51953125,35.650390625,1
2022-02-08,27284.51953125,76600000,27579.869140625,295.349609375,1
2022-02-09,27579.869140625,93500000,27696.080078125,116.2109375,1
2022-02-10,27696.080078125,82900000,27079.58984375,-616.490234375,0
2022-02-14,27079.58984375,79800000,26865.189453125,-214.400390625,0
2022-02-15,26865.189453125,76200000,27460.400390625,595.2109375,1
2022-02-16,27460.400390625,64100000,27232.869140625,-227.53125,0
2022-02-17,27232.869140625,67800000,27122.0703125,-110.798828125,0
2022-02-18,27122.0703125,63500000,26910.869140625,-211.201171875,0
2022-02-21,26910.869140625,52900000,26449.609375,-461.259765625,0
2022-02-22,26449.609375,67300000,25970.8203125,-478.7890625,0
2022-02-24,25970.8203125,93500000,26476.5,505.6796875,1
2022-02-25,26476.5,77600000,26526.8203125,50.3203125,1
2022-02-28,26526.8203125,91100000,26844.720703125,317.900390625,1
2022-03-01,26844.720703125,74000000,26393.029296875,-451.69140625,0
2022-03-02,26393.029296875,87700000,26577.26953125,184.240234375,1
2022-03-03,26577.26953125,74800000,25985.470703125,-591.798828125,0
2022-03-04,25985.470703125,93500000,25221.41015625,-764.060546875,0
2022-03-07,25221.41015625,105400000,24790.94921875,-430.4609375,0
2022-03-08,24790.94921875,114700000,24717.529296875,-73.419921875,0
2022-03-09,24717.529296875,91500000,25690.400390625,972.87109375,1
2022-03-10,25690.400390625,95200000,25162.779296875,-527.62109375,0
2022-03-11,25162.779296875,89600000,25307.849609375,145.0703125,1
2022-03-14,25307.849609375,72600000,25346.48046875,38.630859375,1
2022-03-15,25346.48046875,73200000,25762.009765625,415.529296875,1
2022-03-16,25762.009765625,82300000,26652.890625,890.880859375,1
2022-03-17,26652.890625,89600000,26827.4296875,174.5390625,1
2022-03-18,26827.4296875,108200000,27224.109375,396.6796875,1
2022-03-22,27224.109375,98000000,28040.16015625,816.05078125,1
2022-03-23,28040.16015625,88200000,28110.390625,70.23046875,1
2022-03-24,28110.390625,71600000,28149.83984375,39.44921875,1
2022-03-25,28149.83984375,67400000,27943.890625,-205.94921875,0
2022-03-28,27943.890625,65300000,28252.419921875,308.529296875,1
2022-03-29,28252.419921875,77700000,28027.25,-225.169921875,0
2022-03-30,28027.25,83400000,27821.4296875,-205.8203125,0
2022-03-31,27821.4296875,78600000,27665.98046875,-155.44921875,0
2022-04-01,27665.98046875,66800000,27736.470703125,70.490234375,1
2022-04-04,27736.470703125,50300000,27787.98046875,51.509765625,1
2022-04-05,27787.98046875,64300000,27350.30078125,-437.6796875,0
2022-04-06,27350.30078125,68700000,26888.5703125,-461.73046875,0
2022-04-07,26888.5703125,71100000,26985.80078125,97.23046875,1
2022-04-08,26985.80078125,78100000,26821.51953125,-164.28125,0
2022-04-11,26821.51953125,73500000,26334.98046875,-486.5390625,0
2022-04-12,26334.98046875,75300000,26843.490234375,508.509765625,1
2022-04-13,26843.490234375,71600000,27172.0,328.509765625,1
2022-04-14,27172.0,61800000,27093.189453125,-78.810546875,0
2022-04-15,27093.189453125,51500000,26799.7109375,-293.478515625,0
2022-04-18,26799.7109375,48300000,26985.08984375,185.37890625,1
2022-04-19,26985.08984375,60500000,27217.849609375,232.759765625,1
2022-04-20,27217.849609375,72300000,27553.060546875,335.2109375,1
2022-04-21,27553.060546875,62300000,27105.259765625,-447.80078125,0
2022-04-22,27105.259765625,58500000,26590.779296875,-514.48046875,0
2022-04-25,26590.779296875,62700000,26700.109375,109.330078125,1
2022-04-26,26700.109375,64300000,26386.630859375,-313.478515625,0
2022-04-27,26386.630859375,97300000,26847.900390625,461.26953125,1
2022-04-28,26847.900390625,86700000,26818.529296875,-29.37109375,0
2022-05-02,26818.529296875,74500000,27003.560546875,185.03125,1
2022-05-06,27003.560546875,98500000,26319.33984375,-684.220703125,0
2022-05-09,26319.33984375,79500000,26167.099609375,-152.240234375,0
2022-05-10,26167.099609375,80800000,26213.640625,46.541015625,1
2022-05-11,26213.640625,85900000,25748.720703125,-464.919921875,0
2022-05-12,25748.720703125,91200000,26427.650390625,678.9296875,1
2022-05-13,26427.650390625,103800000,26547.05078125,119.400390625,1
2022-05-16,26547.05078125,87000000,26659.75,112.69921875,1
2022-05-17,26659.75,78900000,26911.19921875,251.44921875,1
2022-05-18,26911.19921875,74700000,26402.83984375,-508.359375,0
2022-05-19,26402.83984375,74500000,26739.029296875,336.189453125,1
2022-05-20,26739.029296875,76300000,27001.51953125,262.490234375,1
2022-05-23,27001.51953125,65000000,26748.140625,-253.37890625,0
2022-05-24,26748.140625,67400000,26677.80078125,-70.33984375,0
2022-05-25,26677.80078125,72300000,26604.83984375,-72.9609375,0
2022-05-26,26604.83984375,64500000,26781.6796875,176.83984375,1
2022-05-27,26781.6796875,69300000,27369.4296875,587.75,1
2022-05-30,27369.4296875,97000000,27279.80078125,-89.62890625,0
2022-05-31,27279.80078125,141800000,27457.890625,178.08984375,1
2022-06-01,27457.890625,75800000,27413.880859375,-44.009765625,0
2022-06-02,27413.880859375,63600000,27761.5703125,347.689453125,1
2022-06-03,27761.5703125,63700000,27915.890625,154.3203125,1
2022-06-06,27915.890625,56800000,27943.94921875,28.05859375,1
2022-06-07,27943.94921875,68300000,28234.2890625,290.33984375,1
2022-06-08,28234.2890625,78700000,28246.529296875,12.240234375,1
2022-06-09,28246.529296875,80300000,27824.2890625,-422.240234375,0
2022-06-10,27824.2890625,79700000,26987.439453125,-836.849609375,0
2022-06-13,26987.439453125,71400000,26629.859375,-357.580078125,0
2022-06-14,26629.859375,75000000,26326.16015625,-303.69921875,0
2022-06-15,26326.16015625,72700000,26431.19921875,105.0390625,1
2022-06-16,26431.19921875,67800000,25963.0,-468.19921875,0
2022-06-17,25963.0,115200000,25771.220703125,-191.779296875,0
2022-06-20,25771.220703125,72200000,26246.310546875,475.08984375,1
2022-06-21,26246.310546875,65400000,26149.55078125,-96.759765625,0
2022-06-22,26149.55078125,66400000,26171.25,21.69921875,1
2022-06-23,26171.25,65700000,26491.970703125,320.720703125,1
2022-06-24,26491.970703125,72600000,26871.26953125,379.298828125,1
2022-06-27,26871.26953125,65800000,27049.470703125,178.201171875,1
2022-06-28,27049.470703125,73400000,26804.599609375,-244.87109375,0
2022-06-29,26804.599609375,101100000,26393.0390625,-411.560546875,0
2022-06-30,26393.0390625,86100000,25935.619140625,-457.419921875,0
2022-07-01,25935.619140625,81700000,26153.810546875,218.19140625,1
2022-07-04,26153.810546875,68700000,26423.470703125,269.66015625,1
2022-07-05,26423.470703125,62800000,26107.650390625,-315.8203125,0
2022-07-06,26107.650390625,89700000,26490.529296875,382.87890625,1
2022-07-07,26490.529296875,80700000,26517.189453125,26.66015625,1
2022-07-08,26517.189453125,89300000,26812.30078125,295.111328125,1
2022-07-11,26812.30078125,68500000,26336.66015625,-475.640625,0
2022-07-12,26336.66015625,64400000,26478.76953125,142.109375,1
2022-07-13,26478.76953125,54100000,26643.390625,164.62109375,1
2022-07-14,26643.390625,60600000,26788.470703125,145.080078125,1
2022-07-15,26788.470703125,65500000,26961.6796875,173.208984375,1
2022-07-19,26961.6796875,59400000,27680.259765625,718.580078125,1
2022-07-20,27680.259765625,66700000,27803.0,122.740234375,1
2022-07-21,27803.0,56700000,27914.66015625,111.66015625,1
2022-07-22,27914.66015625,60100000,27699.25,-215.41015625,0
2022-07-25,27699.25,46500000,27655.2109375,-44.0390625,0
2022-07-26,27655.2109375,50000000,27715.75,60.5390625,1
2022-07-27,27715.75,51100000,27815.48046875,99.73046875,1
2022-07-28,27815.48046875,83500000,27801.640625,-13.83984375,0
2022-07-29,27801.640625,79300000,27993.349609375,191.708984375,1
2022-08-01,27993.349609375,71900000,27594.73046875,-398.619140625,0
2022-08-02,27594.73046875,71800000,27741.900390625,147.169921875,1
2022-08-03,27741.900390625,72300000,27932.19921875,190.298828125,1
2022-08-04,27932.19921875,83100000,28175.869140625,243.669921875,1
2022-08-05,28175.869140625,71300000,28249.240234375,73.37109375,1
2022-08-08,28249.240234375,66100000,27999.9609375,-249.279296875,0
2022-08-09,27999.9609375,64900000,27819.330078125,-180.630859375,0
2022-08-10,27819.330078125,59900000,28546.98046875,727.650390625,1
2022-08-12,28546.98046875,89600000,28871.779296875,324.798828125,1
2022-08-15,28871.779296875,53700000,28868.91015625,-2.869140625,0
2022-08-16,28868.91015625,50100000,29222.76953125,353.859375,1
2022-08-17,29222.76953125,66600000,28942.140625,-280.62890625,0
2022-08-18,28942.140625,47400000,28930.330078125,-11.810546875,0
2022-08-19,28930.330078125,48400000,28794.5,-135.830078125,0
2022-08-22,28794.5,49200000,28452.75,-341.75,0
2022-08-23,28452.75,55700000,28313.470703125,-139.279296875,0
2022-08-24,28313.470703125,62000000,28479.009765625,165.5390625,1
2022-08-25,28479.009765625,53700000,28641.380859375,162.37109375,1
2022-08-26,28641.380859375,49100000,27878.9609375,-762.419921875,0
2022-08-29,27878.9609375,64100000,28195.580078125,316.619140625,1
2022-08-30,28195.580078125,60700000,28091.529296875,-104.05078125,0
2022-08-31,28091.529296875,86200000,27661.470703125,-430.05859375,0
2022-09-01,27661.470703125,68900000,27650.83984375,-10.630859375,0
2022-09-02,27650.83984375,58800000,27619.609375,-31.23046875,0
2022-09-05,27619.609375,47100000,27626.509765625,6.900390625,1
2022-09-06,27626.509765625,46300000,27430.30078125,-196.208984375,0
2022-09-07,27430.30078125,69400000,28065.279296875,634.978515625,1
2022-09-08,28065.279296875,75200000,28214.75,149.470703125,1
2022-09-09,28214.75,74000000,28542.109375,327.359375,1
2022-09-12,28542.109375,50500000,28614.630859375,72.521484375,1
2022-09-13,28614.630859375,51700000,27818.619140625,-796.01171875,0
2022-09-14,27818.619140625,70900000,27875.91015625,57.291015625,1
2022-09-15,27875.91015625,48700000,27567.650390625,-308.259765625,0
2022-09-16,27567.650390625,81600000,27688.419921875,120.76953125,1
2022-09-20,27688.419921875,60000000,27313.130859375,-375.2890625,0
2022-09-21,27313.130859375,65500000,27153.830078125,-159.30078125,0
2022-09-22,27153.830078125,62200000,26431.55078125,-722.279296875,0
2022-09-26,26431.55078125,96500000,26571.869140625,140.318359375,1
2022-09-27,26571.869140625,66800000,26173.98046875,-397.888671875,0
2022-09-28,26173.98046875,92900000,26422.05078125,248.0703125,1
2022-09-29,26422.05078125,88900000,25937.2109375,-484.83984375,0
2022-09-30,25937.2109375,101300000,26215.7890625,278.578125,1
2022-10-03,26215.7890625,80700000,26992.2109375,776.421875,1
2022-10-04,26992.2109375,87100000,27120.529296875,128.318359375,1
2022-10-05,27120.529296875,73300000,27311.30078125,190.771484375,1
2022-10-06,27311.30078125,69400000,27116.109375,-195.19140625,0
2022-10-07,27116.109375,66700000,26401.25,-714.859375,0
2022-10-11,26401.25,78900000,26396.830078125,-4.419921875,0
2022-10-12,26396.830078125,68800000,26237.419921875,-159.41015625,0
2022-10-13,26237.419921875,59200000,27090.759765625,853.33984375,1
2022-10-14,27090.759765625,82400000,26775.7890625,-314.970703125,0
2022-10-17,26775.7890625,65300000,27156.140625,380.3515625,1
2022-10-18,27156.140625,66100000,27257.380859375,101.240234375,1
2022-10-19,27257.380859375,57600000,27006.9609375,-250.419921875,0
2022-10-20,27006.9609375,60300000,26890.580078125,-116.380859375,0
2022-10-21,26890.580078125,56300000,26974.900390625,84.3203125,1
2022-10-24,26974.900390625,59100000,27250.279296875,275.37890625,1
2022-10-25,27250.279296875,62200000,27431.83984375,181.560546875,1
2022-10-26,27431.83984375,61000000,27345.240234375,-86.599609375,0
2022-10-27,27345.240234375,65400000,27105.19921875,-240.041015625,0
2022-10-28,27105.19921875,144600000,27587.4609375,482.26171875,1
2022-10-31,27587.4609375,71100000,27678.919921875,91.458984375,1
2022-11-01,27678.919921875,72600000,27663.390625,-15.529296875,0
2022-11-02,27663.390625,86600000,27199.740234375,-463.650390625,0
2022-11-04,27199.740234375,111100000,27527.640625,327.900390625,1
2022-11-07,27527.640625,78900000,27872.109375,344.46875,1
2022-11-08,27872.109375,84400000,27716.4296875,-155.6796875,0
2022-11-09,27716.4296875,79100000,27446.099609375,-270.330078125,0
2022-11-10,27446.099609375,77100000,28263.5703125,817.470703125,1
2022-11-11,28263.5703125,103700000,27963.470703125,-300.099609375,0
2022-11-14,27963.470703125,85100000,27990.169921875,26.69921875,1
2022-11-15,27990.169921875,71200000,28028.30078125,38.130859375,1
2022-11-16,28028.30078125,73200000,27930.5703125,-97.73046875,0
2022-11-17,27930.5703125,58900000,27899.76953125,-30.80078125,0
2022-11-18,27899.76953125,64800000,27944.7890625,45.01953125,1
2022-11-21,27944.7890625,56500000,28115.740234375,170.951171875,1
2022-11-22,28115.740234375,75900000,28383.08984375,267.349609375,1
2022-11-24,28383.08984375,83900000,28283.029296875,-100.060546875,0
2022-11-25,28283.029296875,56800000,28162.830078125,-120.19921875,0
2022-11-28,28162.830078125,64600000,28027.83984375,-134.990234375,0
2022-11-29,28027.83984375,64800000,27968.990234375,-58.849609375,0
2022-11-30,27968.990234375,106600000,28226.080078125,257.08984375,1
2022-12-01,28226.080078125,71400000,27777.900390625,-448.1796875,0
2022-12-02,27777.900390625,79400000,27820.400390625,42.5,1
2022-12-05,27820.400390625,63900000,27885.869140625,65.46875,1
2022-12-06,27885.869140625,60400000,27686.400390625,-199.46875,0
2022-12-07,27686.400390625,63000000,27574.4296875,-111.970703125,0
2022-12-08,27574.4296875,64900000,27901.009765625,326.580078125,1
2022-12-09,27901.009765625,70200000,27842.330078125,-58.6796875,0
2022-12-12,27842.330078125,49600000,27954.849609375,112.51953125,1
2022-12-13,27954.849609375,51900000,28156.2109375,201.361328125,1
2022-12-14,28156.2109375,54800000,28051.69921875,-104.51171875,0
2022-12-15,28051.69921875,51100000,27527.119140625,-524.580078125,0
2022-12-16,27527.119140625,83800000,27237.640625,-289.478515625,0
2022-12-19,27237.640625,58200000,26568.029296875,-669.611328125,0
2022-12-20,26568.029296875,118500000,26387.720703125,-180.30859375,0
2022-12-21,26387.720703125,119200000,26507.869140625,120.1484375,1
2022-12-22,26507.869140625,73400000,26235.25,-272.619140625,0
2022-12-23,26235.25,75700000,26405.869140625,170.619140625,1
2022-12-26,26405.869140625,47300000,26447.869140625,42.0,1
2022-12-27,26447.869140625,50200000,26340.5,-107.369140625,0
2022-12-28,26340.5,61500000,26093.669921875,-246.830078125,0
2022-12-29,26093.669921875,63100000,26094.5,0.830078125,1
2022-12-30,26094.5,52700000,25716.859375,-377.640625,0
2023-01-04,25716.859375,83300000,25820.80078125,103.94140625,1
2023-01-05,25820.80078125,72300000,25973.849609375,153.048828125,1
2023-01-06,25973.849609375,68200000,26175.560546875,201.7109375,1
2023-01-10,26175.560546875,71200000,26446.0,270.439453125,1
2023-01-11,26446.0,62400000,26449.8203125,3.8203125,1
2023-01-12,26449.8203125,77000000,26119.51953125,-330.30078125,0
2023-01-13,26119.51953125,98300000,25822.3203125,-297.19921875,0
2023-01-16,25822.3203125,71700000,26138.6796875,316.359375,1
2023-01-17,26138.6796875,68100000,26791.119140625,652.439453125,1
2023-01-18,26791.119140625,93400000,26405.23046875,-385.888671875,0
2023-01-19,26405.23046875,68700000,26553.529296875,148.298828125,1
2023-01-20,26553.529296875,60400000,26906.0390625,352.509765625,1
2023-01-23,26906.0390625,60200000,27299.189453125,393.150390625,1
2023-01-24,27299.189453125,70800000,27395.009765625,95.8203125,1
2023-01-25,27395.009765625,63400000,27362.75,-32.259765625,0
2023-01-26,27362.75,63300000,27382.560546875,19.810546875,1
2023-01-27,27382.560546875,71500000,27433.400390625,50.83984375,1
2023-01-30,27433.400390625,65800000,27327.109375,-106.291015625,0
2023-01-31,27327.109375,74600000,27346.880859375,19.771484375,1
2023-02-01,27346.880859375,65800000,27402.05078125,55.169921875,1
2023-02-02,27402.05078125,73200000,27509.4609375,107.41015625,1
2023-02-03,27509.4609375,92800000,27693.650390625,184.189453125,1
2023-02-06,27693.650390625,88400000,27685.470703125,-8.1796875,0
2023-02-07,27685.470703125,74300000,27606.4609375,-79.009765625,0
2023-02-08,27606.4609375,69000000,27584.349609375,-22.111328125,0
2023-02-09,27584.349609375,61700000,27670.98046875,86.630859375,1
2023-02-10,27670.98046875,88800000,27427.3203125,-243.66015625,0
2023-02-13,27427.3203125,70400000,27602.76953125,175.44921875,1
2023-02-14,27602.76953125,55800000,27501.859375,-100.91015625,0
2023-02-15,27501.859375,72100000,27696.439453125,194.580078125,1
2023-02-16,27696.439453125,68100000,27513.130859375,-183.30859375,0
2023-02-17,27513.130859375,68800000,27531.939453125,18.80859375,1
2023-02-20,27531.939453125,62500000,27473.099609375,-58.83984375,0
2023-02-21,27473.099609375,61600000,27104.3203125,-368.779296875,0
2023-02-22,27104.3203125,74700000,27453.48046875,349.16015625,1
2023-02-24,27453.48046875,76000000,27423.9609375,-29.51953125,0
2023-02-27,27423.9609375,59400000,27445.560546875,21.599609375,1
2023-02-28,27445.560546875,86300000,27516.529296875,70.96875,1
2023-03-01,27516.529296875,69800000,27498.869140625,-17.66015625,0
2023-03-02,27498.869140625,69300000,27927.470703125,428.6015625,1
2023-03-03,27927.470703125,78200000,28237.779296875,310.30859375,1
2023-03-06,28237.779296875,65700000,28309.16015625,71.380859375,1
2023-03-07,28309.16015625,69800000,28444.189453125,135.029296875,1
2023-03-08,28444.189453125,67200000,28623.150390625,178.9609375,1
2023-03-09,28623.150390625,72300000,28143.970703125,-479.1796875,0
2023-03-10,28143.970703125,111300000,27832.9609375,-311.009765625,0
2023-03-13,27832.9609375,96100000,27222.0390625,-610.921875,0
2023-03-14,27222.0390625,125700000,27229.48046875,7.44140625,1
2023-03-15,27229.48046875,86600000,27010.609375,-218.87109375,0
2023-03-16,27010.609375,107100000,27333.7890625,323.1796875,1
2023-03-17,27333.7890625,101500000,26945.669921875,-388.119140625,0
2023-03-20,26945.669921875,79200000,27466.609375,520.939453125,1
2023-03-22,27466.609375,78100000,27419.609375,-47.0,0
2023-03-23,27419.609375,64100000,27385.25,-34.359375,0
2023-03-24,27385.25,59500000,27476.869140625,91.619140625,1
2023-03-27,27476.869140625,57400000,27518.25,41.380859375,1
2023-03-28,27518.25,66400000,27883.779296875,365.529296875,1
2023-03-29,27883.779296875,83800000,27782.9296875,-100.849609375,0
2023-03-30,27782.9296875,82000000,28041.48046875,258.55078125,1
2023-03-31,28041.48046875,91100000,28188.150390625,146.669921875,1
2023-04-03,28188.150390625,75000000,28287.419921875,99.26953125,1
2023-04-04,28287.419921875,73300000,27813.259765625,-474.16015625,0
2023-04-05,27813.259765625,74300000,27472.630859375,-340.62890625,0
2023-04-06,27472.630859375,73200000,27518.310546875,45.6796875,1
2023-04-07,27518.310546875,49100000,27633.66015625,115.349609375,1
2023-04-10,27633.66015625,48000000,27923.369140625,289.708984375,1
2023-04-11,27923.369140625,64800000,28082.69921875,159.330078125,1
2023-04-12,28082.69921875,62700000,28156.970703125,74.271484375,1
2023-04-13,28156.970703125,59900000,28493.470703125,336.5,1
2023-04-14,28493.470703125,72900000,28514.779296875,21.30859375,1
2023-04-17,28514.779296875,58000000,28658.830078125,144.05078125,1
2023-04-18,28658.830078125,62300000,28606.759765625,-52.0703125,0
2023-04-19,28606.759765625,58000000,28657.5703125,50.810546875,1
2023-04-20,28657.5703125,56700000,28564.369140625,-93.201171875,0
2023-04-21,28564.369140625,61400000,28593.51953125,29.150390625,1
2023-04-24,28593.51953125,50000000,28620.0703125,26.55078125,1
2023-04-25,28620.0703125,59300000,28416.470703125,-203.599609375,0
2023-04-26,28416.470703125,68700000,28457.6796875,41.208984375,1
2023-04-27,28457.6796875,73600000,28856.439453125,398.759765625,1
2023-04-28,28856.439453125,104000000,29123.1796875,266.740234375,1
2023-05-01,29123.1796875,73400000,29157.94921875,34.76953125,1
2023-05-02,29157.94921875,63900000,28949.880859375,-208.068359375,0
2023-05-08,28949.880859375,74100000,29242.8203125,292.939453125,1
2023-05-09,29242.8203125,86400000,29122.1796875,-120.640625,0
2023-05-10,29122.1796875,87300000,29126.720703125,4.541015625,1
2023-05-11,29126.720703125,82200000,29388.30078125,261.580078125,1
2023-05-12,29388.30078125,106100000,29626.33984375,238.0390625,1
2023-05-15,29626.33984375,88600000,29842.990234375,216.650390625,1
2023-05-16,29842.990234375,107400000,30093.58984375,250.599609375,1
2023-05-17,30093.58984375,93100000,30573.9296875,480.33984375,1
2023-05-18,30573.9296875,90500000,30808.349609375,234.419921875,1
2023-05-19,30808.349609375,80500000,31086.8203125,278.470703125,1
2023-05-22,31086.8203125,75400000,30957.76953125,-129.05078125,0
2023-05-23,30957.76953125,92200000,30682.6796875,-275.08984375,0
2023-05-24,30682.6796875,81700000,30801.130859375,118.451171875,1
2023-05-25,30801.130859375,84000000,30916.310546875,115.1796875,1
2023-05-26,30916.310546875,78300000,31233.5390625,317.228515625,1
2023-05-29,31233.5390625,78300000,31328.16015625,94.62109375,1
2023-05-30,31328.16015625,71800000,30887.880859375,-440.279296875,0
2023-05-31,30887.880859375,184600000,31148.009765625,260.12890625,1
2023-06-01,31148.009765625,95100000,31524.220703125,376.2109375,1
2023-06-02,31524.220703125,90700000,32217.4296875,693.208984375,1
2023-06-05,32217.4296875,98800000,32506.779296875,289.349609375,1
2023-06-06,32506.779296875,82500000,31913.740234375,-593.0390625,0
2023-06-07,31913.740234375,111900000,31641.26953125,-272.470703125,0
2023-06-08,31641.26953125,86000000,32265.169921875,623.900390625,1
2023-06-09,32265.169921875,101500000,32434.0,168.830078125,1
2023-06-12,32434.0,68700000,33018.6484375,584.6484375,1
2023-06-13,33018.6484375,89500000,33502.421875,483.7734375,1
2023-06-14,33502.421875,111600000,33485.48828125,-16.93359375,0
2023-06-15,33485.48828125,105800000,33706.078125,220.58984375,1
2023-06-16,33706.078125,132000000,33370.421875,-335.65625,0
2023-06-19,33370.421875,82900000,33388.91015625,18.48828125,1
2023-06-20,33388.91015625,82400000,33575.140625,186.23046875,1
2023-06-21,33575.140625,82000000,33264.87890625,-310.26171875,0
2023-06-22,33264.87890625,94700000,32781.5390625,-483.33984375,0
2023-06-23,32781.5390625,103600000,32698.810546875,-82.728515625,0
2023-06-26,32698.810546875,74100000,32538.330078125,-160.48046875,0
2023-06-27,32538.330078125,79600000,33193.98828125,655.658203125,1
2023-06-28,33193.98828125,91100000,33234.140625,40.15234375,1
2023-06-29,33234.140625,117900000,33189.0390625,-45.1015625,0
2023-06-30,33189.0390625,111300000,33753.328125,564.2890625,1
2023-07-03,33753.328125,95400000,33422.51953125,-330.80859375,0
2023-07-04,33422.51953125,99400000,33338.69921875,-83.8203125,0
2023-07-05,33338.69921875,95100000,32773.01953125,-565.6796875,0
2023-07-06,32773.01953125,100600000,32388.419921875,-384.599609375,0
2023-07-07,32388.419921875,105100000,32189.73046875,-198.689453125,0
2023-07-10,32189.73046875,101200000,32203.5703125,13.83984375,1
2023-07-11,32203.5703125,87200000,31943.9296875,-259.640625,0
2023-07-12,31943.9296875,88400000,32419.330078125,475.400390625,1
2023-07-13,32419.330078125,77800000,32391.259765625,-28.0703125,0
2023-07-14,32391.259765625,90300000,32493.890625,102.630859375,1
2023-07-18,32493.890625,81100000,32896.03125,402.140625,1
2023-07-19,32896.03125,81900000,32490.51953125,-405.51171875,0
2023-07-20,32490.51953125,75600000,32304.25,-186.26953125,0
2023-07-21,32304.25,79400000,32700.939453125,396.689453125,1
2023-07-24,32700.939453125,83500000,32682.509765625,-18.4296875,0
2023-07-25,32682.509765625,101000000,32668.33984375,-14.169921875,0
2023-07-26,32668.33984375,85200000,32891.16015625,222.8203125,1
2023-07-27,32891.16015625,90900000,32759.23046875,-131.9296875,0
2023-07-28,32759.23046875,170500000,33172.21875,412.98828125,1
2023-07-31,33172.21875,134300000,33476.578125,304.359375,1
2023-08-01,33476.578125,110800000,32707.689453125,-768.888671875,0
2023-08-02,32707.689453125,124200000,32159.279296875,-548.41015625,0
2023-08-03,32159.279296875,120300000,32192.75,33.470703125,1
2023-08-04,32192.75,106600000,32254.560546875,61.810546875,1
2023-08-07,32254.560546875,94100000,32377.2890625,122.728515625,1
2023-08-08,32377.2890625,91800000,32204.330078125,-172.958984375,0
2023-08-09,32204.330078125,104500000,32473.650390625,269.3203125,1
2023-08-10,32473.650390625,108000000,32059.91015625,-413.740234375,0
2023-08-14,32059.91015625,95600000,32238.890625,178.98046875,1
2023-08-15,32238.890625,75100000,31766.8203125,-472.0703125,0
2023-08-16,31766.8203125,84800000,31626.0,-140.8203125,0
2023-08-17,31626.0,87700000,31450.759765625,-175.240234375,0
2023-08-18,31450.759765625,74800000,31565.640625,114.880859375,1
2023-08-21,31565.640625,69500000,31856.7109375,291.0703125,1
2023-08-22,31856.7109375,70200000,32010.259765625,153.548828125,1
2023-08-23,32010.259765625,65100000,32287.2109375,276.951171875,1
2023-08-24,32287.2109375,73400000,31624.279296875,-662.931640625,0
2023-08-25,31624.279296875,65700000,32169.990234375,545.7109375,1
2023-08-28,32169.990234375,69900000,32226.970703125,56.98046875,1
2023-08-29,32226.970703125,77500000,32333.4609375,106.490234375,1
2023-08-30,32333.4609375,89100000,32619.33984375,285.87890625,1
2023-08-31,32619.33984375,114600000,32710.619140625,91.279296875,1
2023-09-01,32710.619140625,88400000,32939.1796875,228.560546875,1
2023-09-04,32939.1796875,89600000,33036.76171875,97.58203125,1
2023-09-05,33036.76171875,91300000,33241.01953125,204.2578125,1
2023-09-06,33241.01953125,94200000,32991.078125,-249.94140625,0
2023-09-07,32991.078125,100200000,32606.83984375,-384.23828125,0
2023-09-08,32606.83984375,114100000,32467.759765625,-139.080078125,0
2023-09-11,32467.759765625,84200000,32776.37109375,308.611328125,1
2023-09-12,32776.37109375,94000000,32706.51953125,-69.8515625,0
2023-09-13,32706.51953125,98100000,33168.1015625,461.58203125,1
2023-09-14,33168.1015625,112100000,33533.08984375,364.98828125,1
2023-09-15,33533.08984375,166600000,33242.58984375,-290.5,0
2023-09-19,33242.58984375,117200000,33023.78125,-218.80859375,0
2023-09-20,33023.78125,113500000,32571.029296875,-452.751953125,0
2023-09-21,32571.029296875,107900000,32402.41015625,-168.619140625,0
2023-09-22,32402.41015625,109800000,32678.619140625,276.208984375,1
2023-09-25,32678.619140625,82100000,32315.05078125,-363.568359375,0
2023-09-26,32315.05078125,86500000,32371.900390625,56.849609375,1
2023-09-27,32371.900390625,105600000,31872.51953125,-499.380859375,0
2023-09-28,31872.51953125,115900000,31857.619140625,-14.900390625,0
2023-09-29,31857.619140625,132000000,31759.880859375,-97.73828125,0
2023-10-02,31759.880859375,103100000,31237.939453125,-521.94140625,0
2023-10-03,31237.939453125,109600000,30526.880859375,-711.05859375,0
2023-10-04,30526.880859375,137200000,31075.359375,548.478515625,1
2023-10-05,31075.359375,114200000,30994.669921875,-80.689453125,0
2023-10-06,30994.669921875,94600000,31746.529296875,751.859375,1
2023-10-10,31746.529296875,101000000,31936.509765625,189.98046875,1
2023-10-11,31936.509765625,89500000,32494.66015625,558.150390625,1
2023-10-12,32494.66015625,100600000,32315.990234375,-178.669921875,0
2023-10-13,32315.990234375,91500000,31659.029296875,-656.9609375,0
2023-10-16,31659.029296875,84500000,32040.2890625,381.259765625,1
2023-10-17,32040.2890625,75600000,32042.25,1.9609375,1
2023-10-18,32042.25,83200000,31430.619140625,-611.630859375,0
2023-10-19,31430.619140625,80700000,31259.359375,-171.259765625,0
2023-10-20,31259.359375,84500000,30999.55078125,-259.80859375,0
2023-10-23,30999.55078125,73500000,31062.349609375,62.798828125,1
2023-10-24,31062.349609375,97900000,31269.919921875,207.5703125,1
2023-10-25,31269.919921875,78700000,30601.779296875,-668.140625,0
2023-10-26,30601.779296875,85600000,30991.689453125,389.91015625,1
2023-10-27,30991.689453125,89100000,30696.9609375,-294.728515625,0
2023-10-30,30696.9609375,187000000,30858.849609375,161.888671875,1
2023-10-31,30858.849609375,134300000,31601.650390625,742.80078125,1
2023-11-01,31601.650390625,130100000,31949.890625,348.240234375,1
2023-11-02,31949.890625,121100000,32708.48046875,758.58984375,1
2023-11-06,32708.48046875,139400000,32271.8203125,-436.66015625,0
2023-11-07,32271.8203125,106700000,32166.48046875,-105.33984375,0
2023-11-08,32166.48046875,156200000,32646.4609375,479.98046875,1
2023-11-09,32646.4609375,115500000,32568.109375,-78.3515625,0
2023-11-10,32568.109375,111300000,32585.109375,17.0,1
2023-11-13,32585.109375,90600000,32695.9296875,110.8203125,1
2023-11-14,32695.9296875,88100000,33519.69921875,823.76953125,1
2023-11-15,33519.69921875,123800000,33424.41015625,-95.2890625,0
2023-11-16,33424.41015625,94200000,33585.19921875,160.7890625,1
2023-11-17,33585.19921875,93200000,33388.03125,-197.16796875,0
2023-11-20,33388.03125,94900000,33354.140625,-33.890625,0
2023-11-21,33354.140625,91900000,33451.828125,97.6875,1
2023-11-22,33451.828125,75600000,33625.53125,173.703125,1
2023-11-24,33625.53125,80700000,33447.671875,-177.859375,0
2023-11-27,33447.671875,82700000,33408.390625,-39.28125,0
2023-11-28,33408.390625,84100000,33321.21875,-87.171875,0
2023-11-29,33321.21875,89200000,33486.890625,165.671875,1
2023-11-30,33486.890625,152200000,33431.51171875,-55.37890625,0
2023-12-01,33431.51171875,87600000,33231.26953125,-200.2421875,0
2023-12-04,33231.26953125,87300000,32775.8203125,-455.44921875,0
2023-12-05,32775.8203125,86100000,33445.8984375,670.078125,1
2023-12-06,33445.8984375,91200000,32858.30859375,-587.58984375,0
2023-12-07,32858.30859375,105100000,32307.859375,-550.44921875,0
2023-12-08,32307.859375,144200000,32791.80078125,483.94140625,1
2023-12-11,32791.80078125,105800000,32843.69921875,51.8984375,1
2023-12-12,32843.69921875,98100000,32926.3515625,82.65234375,1
2023-12-13,32926.3515625,100000000,32686.25,-240.1015625,0
2023-12-14,32686.25,133400000,32970.55078125,284.30078125,1
2023-12-15,32970.55078125,141100000,32758.98046875,-211.5703125,0
2023-12-18,32758.98046875,106900000,33219.390625,460.41015625,1
2023-12-19,33219.390625,106300000,33675.94140625,456.55078125,1
2023-12-20,33675.94140625,118000000,33140.46875,-535.47265625,0
2023-12-21,33140.46875,95600000,33169.05078125,28.58203125,1
2023-12-22,33169.05078125,89400000,33254.03125,84.98046875,1
2023-12-25,33254.03125,58900000,33305.8515625,51.8203125,1
2023-12-26,33305.8515625,68300000,33681.23828125,375.38671875,1
2023-12-27,33681.23828125,93700000,33539.62109375,-141.6171875,0
2023-12-28,33539.62109375,73300000,33464.171875,-75.44921875,0
2023-12-29,33464.171875,89000000,33288.2890625,-175.8828125,0
2024-01-04,33288.2890625,117300000,33377.421875,89.1328125,1
2024-01-05,33377.421875,115300000,33763.1796875,385.7578125,1
2024-01-09,33763.1796875,112100000,34441.71875,678.5390625,1
2024-01-10,34441.71875,106000000,35049.859375,608.140625,1
2024-01-11,35049.859375,130100000,35577.109375,527.25,1
2024-01-12,35577.109375,129200000,35901.7890625,324.6796875,1
2024-01-15,35901.7890625,105700000,35619.1796875,-282.609375,0
2024-01-16,35619.1796875,103400000,35477.75,-141.4296875,0
2024-01-17,35477.75,139500000,35466.171875,-11.578125,0
2024-01-18,35466.171875,100300000,35963.26953125,497.09765625,1
2024-01-19,35963.26953125,104100000,36546.94921875,583.6796875,1
2024-01-22,36546.94921875,100000000,36517.5703125,-29.37890625,0
2024-01-23,36517.5703125,111500000,36226.48046875,-291.08984375,0
2024-01-24,36226.48046875,108600000,36236.46875,9.98828125,1
2024-01-25,36236.46875,94600000,35751.0703125,-485.3984375,0
2024-01-26,35751.0703125,109600000,36026.94140625,275.87109375,1
2024-01-29,36026.94140625,95500000,36065.859375,38.91796875,1
2024-01-30,36065.859375,87900000,36286.7109375,220.8515625,1
2024-01-31,36286.7109375,111100000,36011.4609375,-275.25,0
2024-02-01,36011.4609375,118100000,36158.01953125,146.55859375,1
2024-02-02,36158.01953125,114800000,36354.16015625,196.140625,1
2024-02-05,36354.16015625,130500000,36160.66015625,-193.5,0
2024-02-06,36160.66015625,134700000,36119.921875,-40.73828125,0
2024-02-07,36119.921875,126500000,36863.28125,743.359375,1
2024-02-08,36863.28125,151000000,36897.421875,34.140625,1
2024-02-09,36897.421875,146800000,37963.96875,1066.546875,1
2024-02-13,37963.96875,140500000,37703.3203125,-260.6484375,0
2024-02-14,37703.3203125,120300000,38157.94140625,454.62109375,1
2024-02-15,38157.94140625,130000000,38487.23828125,329.296875,1
2024-02-16,38487.23828125,151700000,38470.37890625,-16.859375,0
2024-02-19,38470.37890625,102000000,38363.609375,-106.76953125,0
2024-02-20,38363.609375,108500000,38262.16015625,-101.44921875,0
2024-02-21,38262.16015625,104700000,39098.6796875,836.51953125,1
2024-02-22,39098.6796875,122900000,39233.7109375,135.03125,1
2024-02-26,39233.7109375,125700000,39239.51953125,5.80859375,1
2024-02-27,39239.51953125,119100000,39208.03125,-31.48828125,0
2024-02-28,39208.03125,119900000,39166.19140625,-41.83984375,0
2024-02-29,39166.19140625,166000000,39910.8203125,744.62890625,1
2024-03-01,39910.8203125,122800000,40109.23046875,198.41015625,1
2024-03-04,40109.23046875,119400000,40097.62890625,-11.6015625,0
2024-03-05,40097.62890625,115200000,40090.78125,-6.84765625,0
2024-03-06,40090.78125,112900000,39598.7109375,-492.0703125,0
2024-03-07,39598.7109375,137200000,39688.94140625,90.23046875,1
2024-03-08,39688.94140625,143300000,38820.48828125,-868.453125,0
2024-03-11,38820.48828125,132900000,38797.51171875,-22.9765625,0
2024-03-12,38797.51171875,112900000,38695.96875,-101.54296875,0
2024-03-13,38695.96875,105400000,38807.37890625,111.41015625,1
2024-03-14,38807.37890625,111100000,38707.640625,-99.73828125,0
2024-03-15,38707.640625,167100000,39740.44140625,1032.80078125,1
2024-03-18,39740.44140625,128700000,40003.6015625,263.16015625,1
2024-03-19,40003.6015625,134700000,40815.66015625,812.05859375,1
2024-03-21,40815.66015625,157200000,40888.4296875,72.76953125,1
2024-03-22,40888.4296875,136100000,40414.12109375,-474.30859375,0
2024-03-25,40414.12109375,101500000,40398.03125,-16.08984375,0
2024-03-26,40398.03125,101400000,40762.73046875,364.69921875,1
2024-03-27,40762.73046875,121300000,40168.0703125,-594.66015625,0
2024-03-28,40168.0703125,135600000,40369.44140625,201.37109375,1
2024-03-29,40369.44140625,122000000,39803.08984375,-566.3515625,0
2024-04-01,39803.08984375,134500000,39838.91015625,35.8203125,1
2024-04-02,39838.91015625,115800000,39451.8515625,-387.05859375,0
2024-04-03,39451.8515625,123200000,39773.140625,321.2890625,1
2024-04-04,39773.140625,145100000,38992.078125,-781.0625,0
2024-04-05,38992.078125,129600000,39347.0390625,354.9609375,1
2024-04-08,39347.0390625,108300000,39773.12890625,426.08984375,1
2024-04-09,39773.12890625,105900000,39581.80859375,-191.3203125,0
2024-04-10,39581.80859375,97400000,39442.62890625,-139.1796875,0
2024-04-11,39442.62890625,107000000,39523.55078125,80.921875,1
2024-04-12,39523.55078125,107100000,39232.80078125,-290.75,0
2024-04-15,39232.80078125,107000000,38471.19921875,-761.6015625,0
2024-04-16,38471.19921875,133000000,37961.80078125,-509.3984375,0
2024-04-17,37961.80078125,120600000,38079.69921875,117.8984375,1
2024-04-18,38079.69921875,105800000,37068.3515625,-1011.34765625,0
2024-04-19,37068.3515625,155400000,37438.609375,370.2578125,1
2024-04-22,37438.609375,119400000,37552.16015625,113.55078125,1
2024-04-23,37552.16015625,95900000,38460.078125,907.91796875,1
2024-04-24,38460.078125,121100000,37628.48046875,-831.59765625,0
2024-04-25,37628.48046875,113900000,37934.76171875,306.28125,1
2024-04-26,37934.76171875,124900000,38405.66015625,470.8984375,1
2024-04-30,38405.66015625,151400000,38274.05078125,-131.609375,0
2024-05-01,38274.05078125,108500000,38236.0703125,-37.98046875,0
2024-05-02,38236.0703125,101900000,38835.1015625,599.03125,1
2024-05-07,38835.1015625,115200000,38202.37109375,-632.73046875,0
2024-05-08,38202.37109375,120100000,38073.98046875,-128.390625,0
2024-05-09,38073.98046875,118600000,38229.109375,155.12890625,1
2024-05-10,38229.109375,167300000,38179.4609375,-49.6484375,0
2024-05-13,38179.4609375,128700000,38356.05859375,176.59765625,1
2024-05-14,38356.05859375,143300000,38385.73046875,29.671875,1
2024-05-15,38385.73046875,146300000,38920.26171875,534.53125,1
2024-05-16,38920.26171875,157900000,38787.37890625,-132.8828125,0
2024-05-17,38787.37890625,133300000,39069.6796875,282.30078125,1
2024-05-20,39069.6796875,127400000,38946.9296875,-122.75,0
2024-05-21,38946.9296875,106700000,38617.1015625,-329.828125,0
2024-05-22,38617.1015625,105500000,39103.21875,486.1171875,1
2024-05-23,39103.21875,107800000,38646.109375,-457.109375,0
2024-05-24,38646.109375,96300000,38900.01953125,253.91015625,1
2024-05-27,38900.01953125,94200000,38855.37109375,-44.6484375,0
2024-05-28,38855.37109375,101200000,38556.87109375,-298.5,0
2024-05-29,38556.87109375,123900000,38054.12890625,-502.7421875,0
2024-05-30,38054.12890625,117300000,38487.8984375,433.76953125,1
2024-05-31,38487.8984375,211000000,38923.03125,435.1328125,1
2024-06-03,38923.03125,115900000,38837.4609375,-85.5703125,0
2024-06-04,38837.4609375,117900000,38490.171875,-347.2890625,0
2024-06-05,38490.171875,119400000,38703.51171875,213.33984375,1
2024-06-06,38703.51171875,118900000,38683.9296875,-19.58203125,0
2024-06-07,38683.9296875,96200000,39038.16015625,354.23046875,1
2024-06-10,39038.16015625,89200000,39134.7890625,96.62890625,1
2024-06-11,39134.7890625,93300000,38876.7109375,-258.078125,0
2024-06-12,38876.7109375,108200000,38720.46875,-156.2421875,0
2024-06-13,38720.46875,115900000,38814.55859375,94.08984375,1
2024-06-14,38814.55859375,157100000,38102.44140625,-712.1171875,0
2024-06-17,38102.44140625,107500000,38482.109375,379.66796875,1
2024-06-18,38482.109375,97100000,38570.76171875,88.65234375,1
2024-06-19,38570.76171875,93600000,38633.01953125,62.2578125,1
2024-06-20,38633.01953125,88000000,38596.46875,-36.55078125,0
2024-06-21,38596.46875,140800000,38804.6484375,208.1796875,1
2024-06-24,38804.6484375,93500000,39173.1484375,368.5,1
2024-06-25,39173.1484375,108300000,39667.0703125,493.921875,1
2024-06-26,39667.0703125,108900000,39341.5390625,-325.53125,0
2024-06-27,39341.5390625,115000000,39583.078125,241.5390625,1
2024-06-28,39583.078125,124300000,39631.05859375,47.98046875,1
2024-07-01,39631.05859375,118800000,40074.69140625,443.6328125,1
2024-07-02,40074.69140625,135100000,40580.76171875,506.0703125,1
2024-07-03,40580.76171875,125600000,40913.6484375,332.88671875,1
2024-07-04,40913.6484375,118000000,40912.37109375,-1.27734375,0
2024-07-05,40912.37109375,114200000,40780.69921875,-131.671875,0
2024-07-08,40780.69921875,113000000,41580.171875,799.47265625,1
2024-07-09,41580.171875,118200000,41831.98828125,251.81640625,1
2024-07-10,41831.98828125,134400000,42224.01953125,392.03125,1
2024-07-11,42224.01953125,123000000,41190.6796875,-1033.33984375,0
2024-07-12,41190.6796875,130400000,41275.078125,84.3984375,1
2024-07-16,41275.078125,100800000,41097.69140625,-177.38671875,0
2024-07-17,41097.69140625,109900000,40126.3515625,-971.33984375,0
2024-07-18,40126.3515625,117600000,40063.7890625,-62.5625,0
2024-07-19,40063.7890625,99800000,39599.0,-464.7890625,0
2024-07-22,39599.0,82700000,39594.390625,-4.609375,0
2024-07-23,39594.390625,88300000,39154.8515625,-439.5390625,0
2024-07-24,39154.8515625,110300000,37869.51171875,-1285.33984375,0
2024-07-25,37869.51171875,143000000,37667.41015625,-202.1015625,0
2024-07-26,37667.41015625,124000000,38468.62890625,801.21875,1
2024-07-29,38468.62890625,107300000,38525.94921875,57.3203125,1
2024-07-30,38525.94921875,109700000,39101.8203125,575.87109375,1
2024-07-31,39101.8203125,146400000,38126.328125,-975.4921875,0
2024-08-01,38126.328125,178800000,35909.69921875,-2216.62890625,0
2024-08-02,35909.69921875,204300000,31458.419921875,-4451.279296875,0
2024-08-05,31458.419921875,285600000,34675.4609375,3217.041015625,1
2024-08-06,34675.4609375,251200000,35089.62109375,414.16015625,1
2024-08-07,35089.62109375,242800000,34831.1484375,-258.47265625,0
2024-08-08,34831.1484375,165300000,35025.0,193.8515625,1
2024-08-09,35025.0,176900000,36232.51171875,1207.51171875,1
2024-08-13,36232.51171875,140700000,36442.4296875,209.91796875,1
2024-08-14,36442.4296875,135600000,36726.640625,284.2109375,1
2024-08-15,36726.640625,119700000,38062.671875,1336.03125,1
2024-08-16,38062.671875,129500000,37388.62109375,-674.05078125,0
2024-08-19,37388.62109375,107800000,38062.921875,674.30078125,1
2024-08-20,38062.921875,110600000,37951.80078125,-111.12109375,0
2024-08-21,37951.80078125,94800000,38211.01171875,259.2109375,1
2024-08-22,38211.01171875,92800000,38364.26953125,153.2578125,1
2024-08-23,38364.26953125,89800000,38110.21875,-254.05078125,0
2024-08-26,38110.21875,91700000,38288.62109375,178.40234375,1
2024-08-27,38288.62109375,84300000,38371.76171875,83.140625,1
2024-08-28,38371.76171875,88700000,38362.53125,-9.23046875,0
2024-08-29,38362.53125,106500000,38647.75,285.21875,1
2024-08-30,38647.75,136600000,38700.87109375,53.12109375,1
2024-09-02,38700.87109375,87100000,38686.30859375,-14.5625,0
2024-09-03,38686.30859375,91200000,37047.609375,-1638.69921875,0
2024-09-04,37047.609375,144400000,36657.08984375,-390.51953125,0
2024-09-05,36657.08984375,111300000,36391.46875,-265.62109375,0
2024-09-06,36391.46875,111700000,36215.75,-175.71875,0
2024-09-09,36215.75,118200000,36159.16015625,-56.58984375,0
2024-09-10,36159.16015625,112300000,35619.76953125,-539.390625,0
2024-09-11,35619.76953125,127600000,36833.26953125,1213.5,1
2024-09-12,36833.26953125,126300000,36581.76171875,-251.5078125,0
2024-09-13,36581.76171875,115900000,36203.21875,-378.54296875,0
2024-09-17,36203.21875,127300000,36380.171875,176.953125,1
2024-09-18,36380.171875,99900000,37155.328125,775.15625,1
2024-09-19,37155.328125,114100000,37723.91015625,568.58203125,1
2024-09-20,37723.91015625,162600000,37940.58984375,216.6796875,1
2024-09-24,37940.58984375,113500000,37870.26171875,-70.328125,0
2024-09-25,37870.26171875,108200000,38925.62890625,1055.3671875,1
2024-09-26,38925.62890625,141000000,39829.55859375,903.9296875,1
2024-09-27,39829.55859375,161900000,37919.55078125,-1910.0078125,0
2024-09-30,37919.55078125,190500000,38651.96875,732.41796875,1
2024-10-01,38651.96875,132100000,37808.76171875,-843.20703125,0
2024-10-02,37808.76171875,139600000,38552.05859375,743.296875,1
2024-10-03,38552.05859375,126800000,38635.62109375,83.5625,1
2024-10-04,38635.62109375,121200000,39332.73828125,697.1171875,1
2024-10-07,39332.73828125,128000000,38937.5390625,-395.19921875,0
2024-10-08,38937.5390625,120400000,39277.9609375,340.421875,1
2024-10-09,39277.9609375,106800000,39380.890625,102.9296875,1
2024-10-10,39380.890625,103500000,39605.80078125,224.91015625,1
2024-10-11,39605.80078125,110900000,39910.55078125,304.75,1
2024-10-15,39910.55078125,129000000,39180.30078125,-730.25,0
2024-10-16,39180.30078125,108100000,38911.19140625,-269.109375,0
2024-10-17,38911.19140625,107200000,38981.75,70.55859375,1
2024-10-18,38981.75,95700000,38954.6015625,-27.1484375,0
2024-10-21,38954.6015625,99000000,38411.9609375,-542.640625,0
2024-10-22,38411.9609375,110400000,38104.859375,-307.1015625,0
2024-10-23,38104.859375,95400000,38143.2890625,38.4296875,1
2024-10-24,38143.2890625,108700000,37913.921875,-229.3671875,0
2024-10-25,37913.921875,90700000,38605.53125,691.609375,1
2024-10-28,38605.53125,116600000,38903.6796875,298.1484375,1
2024-10-29,38903.6796875,97400000,39277.390625,373.7109375,1
2024-10-30,39277.390625,221800000,39081.25,-196.140625,0
2024-10-31,39081.25,144300000,38053.671875,-1027.578125,0
2024-11-01,38053.671875,130300000,38474.8984375,421.2265625,1
2024-11-05,38474.8984375,120000000,39480.671875,1005.7734375,1
2024-11-06,39480.671875,170600000,39381.41015625,-99.26171875,0
2024-11-07,39381.41015625,190000000,39500.37109375,118.9609375,1
2024-11-08,39500.37109375,159300000,39533.3203125,32.94921875,1
2024-11-11,39533.3203125,122700000,39376.08984375,-157.23046875,0
2024-11-12,39376.08984375,163000000,38721.66015625,-654.4296875,0
2024-11-13,38721.66015625,150400000,38535.69921875,-185.9609375,0
2024-11-14,38535.69921875,133800000,38642.91015625,107.2109375,1
2024-11-15,38642.91015625,143900000,38220.8515625,-422.05859375,0
2024-11-18,38220.8515625,106000000,38414.4296875,193.578125,1
2024-11-19,38414.4296875,109200000,38352.33984375,-62.08984375,0
2024-11-20,38352.33984375,103500000,38026.171875,-326.16796875,0
2024-11-21,38026.171875,101900000,38283.8515625,257.6796875,1
2024-11-22,38283.8515625,103300000,38780.140625,496.2890625,1
2024-11-25,38780.140625,192400000,38442.0,-338.140625,0
2024-11-26,38442.0,122800000,38134.96875,-307.03125,0
2024-11-27,38134.96875,120500000,38349.05859375,214.08984375,1
2024-11-28,38349.05859375,103400000,38208.03125,-141.02734375,0
2024-11-29,38208.03125,102300000,38513.01953125,304.98828125,1
2024-12-02,38513.01953125,110500000,39248.859375,735.83984375,1
2024-12-03,39248.859375,142200000,39276.390625,27.53125,1
2024-12-04,39276.390625,119100000,39395.6015625,119.2109375,1
2024-12-05,39395.6015625,116400000,39091.171875,-304.4296875,0
2024-12-06,39091.171875,101500000,39160.5,69.328125,1
2024-12-09,39160.5,113100000,39367.578125,207.078125,1
2024-12-10,39367.578125,110300000,39372.23046875,4.65234375,1
2024-12-11,39372.23046875,105800000,39849.140625,476.91015625,1
2024-12-12,39849.140625,121100000,39470.44140625,-378.69921875,0
2024-12-13,39470.44140625,123900000,39457.48828125,-12.953125,0
2024-12-16,39457.48828125,87500000,39364.6796875,-92.80859375,0
2024-12-17,39364.6796875,115700000,39081.7109375,-282.96875,0
2024-12-18,39081.7109375,132200000,38813.578125,-268.1328125,0
2024-12-19,38813.578125,147700000,38701.8984375,-111.6796875,0
2024-12-20,38701.8984375,184500000,39161.33984375,459.44140625,1
2024-12-23,39161.33984375,103200000,39036.8515625,-124.48828125,0
2024-12-24,39036.8515625,116200000,39130.4296875,93.578125,1
2024-12-25,39130.4296875,116100000,39568.05859375,437.62890625,1
2024-12-26,39568.05859375,131400000,40281.16015625,713.1015625,1
2024-12-27,40281.16015625,159500000,39894.5390625,-386.62109375,0
